CREATE DATABASE  IF NOT EXISTS `fitbit_db` /*!40100 DEFAULT CHARACTER SET utf8mb4 COLLATE utf8mb4_0900_ai_ci */ /*!80016 DEFAULT ENCRYPTION='N' */;
USE `fitbit_db`;
-- MySQL dump 10.13  Distrib 8.0.30, for Win64 (x86_64)
--
-- Host: localhost    Database: fitbit_db
-- ------------------------------------------------------
-- Server version	8.0.30

/*!40101 SET @OLD_CHARACTER_SET_CLIENT=@@CHARACTER_SET_CLIENT */;
/*!40101 SET @OLD_CHARACTER_SET_RESULTS=@@CHARACTER_SET_RESULTS */;
/*!40101 SET @OLD_COLLATION_CONNECTION=@@COLLATION_CONNECTION */;
/*!50503 SET NAMES utf8 */;
/*!40103 SET @OLD_TIME_ZONE=@@TIME_ZONE */;
/*!40103 SET TIME_ZONE='+00:00' */;
/*!40014 SET @OLD_UNIQUE_CHECKS=@@UNIQUE_CHECKS, UNIQUE_CHECKS=0 */;
/*!40014 SET @OLD_FOREIGN_KEY_CHECKS=@@FOREIGN_KEY_CHECKS, FOREIGN_KEY_CHECKS=0 */;
/*!40101 SET @OLD_SQL_MODE=@@SQL_MODE, SQL_MODE='NO_AUTO_VALUE_ON_ZERO' */;
/*!40111 SET @OLD_SQL_NOTES=@@SQL_NOTES, SQL_NOTES=0 */;

--
-- Table structure for table `activedistance`
--

DROP TABLE IF EXISTS `activedistance`;
/*!40101 SET @saved_cs_client     = @@character_set_client */;
/*!50503 SET character_set_client = utf8mb4 */;
CREATE TABLE `activedistance` (
  `ActiveDistanceId` int NOT NULL,
  `VeryActiveDistance` double DEFAULT NULL,
  `FairlyActiveDistance` double DEFAULT NULL,
  `LightlyActiveDistance` double DEFAULT NULL,
  `SedentaryDistance` double DEFAULT NULL,
  PRIMARY KEY (`ActiveDistanceId`)
) ENGINE=InnoDB DEFAULT CHARSET=utf8mb4 COLLATE=utf8mb4_0900_ai_ci;
/*!40101 SET character_set_client = @saved_cs_client */;

--
-- Dumping data for table `activedistance`
--

LOCK TABLES `activedistance` WRITE;
/*!40000 ALTER TABLE `activedistance` DISABLE KEYS */;
INSERT INTO `activedistance` VALUES (201,1.879999995,0.550000012,6.059999943,0),(202,1.570000052,0.689999998,4.710000038,0),(203,2.440000057,0.400000006,3.910000086,0),(204,2.140000105,1.25999999,2.829999924,0),(205,2.710000038,0.409999996,5.039999962,0),(206,3.190000057,0.779999971,2.50999999,0),(207,3.25,0.639999986,4.710000038,0),(208,3.529999971,1.320000052,5.03000021,0),(209,1.960000038,0.479999989,4.239999771,0),(210,1.340000033,0.349999994,4.650000095,0),(211,4.760000229,1.120000005,2.24000001,0),(212,2.809999943,0.870000005,5.360000134,0),(213,2.920000076,0.209999993,3.279999971,0),(214,5.289999962,0.569999993,3.940000057,0),(215,2.329999924,0.920000017,5.539999962,0),(216,6.400000095,0.409999996,5.409999847,0),(217,3.539999962,1.159999967,3.789999962,0),(218,1.059999943,0.5,5.579999924,0),(219,3.559999943,1.419999957,4.269999981,0),(220,2.289999962,1.600000024,2.920000076,0),(221,3.210000038,0.569999993,5.920000076,0),(222,3.730000019,1.049999952,4.880000114,0),(223,2.460000038,0.870000005,3.819999933,0),(224,2.920000076,1.080000043,4.880000114,0),(225,1.970000029,0.25,5.809999943,0),(226,2.460000038,2.119999886,3.130000114,0),(227,3.529999971,0.319999993,2.730000019,0),(228,3.450000048,0.529999971,3.74000001,0),(229,3.349999905,1.159999967,3.25999999,0),(230,2.559999943,1.00999999,4.550000191,0),(231,0,0,0,0),(232,0,0,5.309999943,0),(233,0,0,4.550000191,0),(234,0,0,5.909999847,0.01),(235,0,0,0.970000029,0),(236,0,0,3.49000001,0),(237,1.029999971,1.519999981,1.49000001,0.01),(238,2.150000095,0.620000005,4.619999886,0.01),(239,0,0,1.899999976,0),(240,0,0,3.230000019,0),(241,0,0,4.110000134,0.02),(242,0,0,2.599999905,0),(243,0,0,5.539999962,0.01),(244,1.149999976,0.910000026,1.889999986,0),(245,0,0,4.199999809,0.02),(246,0,0,1.830000043,0.01),(247,1.110000014,1.870000005,2.460000038,0),(248,0,0.200000003,1.600000024,0),(249,0,0,1.549999952,0),(250,0.899999976,1.279999971,2.119999886,0.01),(251,21.92000008,4.190000057,1.909999967,0.02),(252,0.860000014,0.589999974,3.470000029,0),(253,0,0,1.340000033,0.02),(254,0,0,1.419999957,0),(255,0,0,1.580000043,0.02),(256,0,0,1.120000005,0.01),(257,0,0,1.370000005,0),(258,0,0,2.220000029,0),(259,0,0,1.129999995,0),(260,0,0,1.919999957,0.01),(261,0,0,2.039999962,0),(262,0,0,1.919999957,0.01),(263,0.140000001,2.299999952,5.329999924,0),(264,2.279999971,0.899999976,2.640000105,0),(265,0.360000014,2.559999943,5.099999905,0),(266,0.219999999,0.150000006,3.450000048,0),(267,4.099999905,1.879999995,5.090000153,0),(268,2.25,0.569999993,3.549999952,0),(269,1.070000052,1.669999957,2.450000048,0),(270,0.360000014,2.529999971,5.300000191,0),(271,0,0,1.75999999,0.01),(272,0,0,0.879999995,0.01),(273,0,0,2.660000086,0.01),(274,0,0.579999983,4.25,0),(275,0,0,2.410000086,0),(276,0.589999974,0.059999999,1.950000048,0),(277,0.800000012,1.720000029,4.690000057,0),(278,0,0,2.200000048,0),(279,0.200000003,2.319999933,4.309999943,0),(280,0,0,2.309999943,0),(281,0.629999995,3.140000105,9.460000038,0),(282,0.239999995,0.99000001,3.230000019,0),(283,0.07,0.310000002,2.349999905,0),(284,0.720000029,4.090000153,4.539999962,0),(285,0,0,1.659999967,0.02),(286,0.519999981,0.540000021,2.130000114,0.01),(287,0.819999993,0.270000011,6.010000229,0.02),(288,3.25999999,0.790000021,5.670000076,0.01),(289,0,0,4.880000114,0),(290,2.390000105,0.349999994,2.089999914,0.01),(291,0.879999995,0.810000002,4.96999979,0.01),(292,0,0,0.949999988,0.01),(293,0,0,4.429999828,0),(294,0,0,3.25999999,0),(295,0,0,5.230000019,0),(296,0,0,2.539999962,0),(297,0,0,2.25999999,0),(298,0.140000001,0.25999999,2.589999914,0),(299,0,0.479999989,2.559999943,0),(300,0,0,0.129999995,0),(301,0,0,0.01,0),(302,0.119999997,0.519999981,4.679999828,0),(303,0,0,3.549999952,0),(304,0,0,2.359999895,0),(305,0,0,0,0),(306,0,0,0,0),(307,0,0,0,0),(308,0,0,0,0),(309,0,0,4.559999943,0),(310,0,0,3.25,0),(311,0,0,2.650000095,0),(312,0,0.25999999,1.450000048,0),(313,0,0,0,0),(314,0,0,2.680000067,0),(315,0,0,1.370000005,0),(316,0,0,1.480000019,0),(317,0,0,0.029999999,0),(318,0,0,0,0),(319,0,0,0,0),(320,0,0,0,0),(321,0,0,0,0),(322,0,0,0,0),(323,0,0,0,0),(324,0,0,0.469999999,0),(325,0,0,0.25,0),(326,0,0.400000006,1.100000024,0),(327,0,0,0.680000007,0),(328,0,0,0,0),(329,0,0,0,0),(330,0,0,0.170000002,0),(331,0,0,0,0),(332,0,0,0,0),(333,0,0,0,0),(334,0,0,0.100000001,0),(335,0,0,2.039999962,0),(336,0.07,0.239999995,1.139999986,0),(337,0,0,0.109999999,0),(338,0,0,2.599999905,0),(339,0,0,0,0),(340,0,0,1.159999967,0),(341,0,0,0,0),(342,0,0,0,0),(343,1.00999999,0.029999999,0.829999983,0),(344,1.159999967,0.300000012,1.159999967,0),(345,0.730000019,0,0.180000007,0),(346,0,0,1.24000001,0),(347,0,0,0,0),(348,0,0,1.450000048,0),(349,0,0,1.039999962,0),(350,0,0,0,0),(351,0,0,0,0),(352,0,0,0,0),(353,0,0,0,0),(354,0,0,0,0),(355,3.309999943,0.769999981,4.260000229,0),(356,2.99000001,0.100000001,5.409999847,0),(357,2.480000019,0.209999993,4.820000172,0),(358,1.940000057,0.310000002,5.78000021,0),(359,3.150000095,0.550000012,3.390000105,0),(360,3.869999886,0.660000026,6.880000114,0),(361,3.640000105,0.119999997,6.300000191,0),(362,3.289999962,0.239999995,5,0),(363,3.339999914,1.929999948,5.400000095,0),(364,3.329999924,1.110000014,4.309999943,0),(365,4.429999828,0.419999987,4.46999979,0),(366,0,0,4.210000038,0),(367,4.550000191,1.149999976,4.579999924,0),(368,3.329999924,0.219999999,4.460000038,0),(369,1.429999948,0.660000026,5.110000134,0),(370,1.039999962,0.970000029,5.119999886,0),(371,0.409999996,1.330000043,5.389999866,0),(372,0.479999989,1.210000038,5.5,0),(373,0.939999998,1.399999976,10.56999969,0),(374,1.940000057,0.959999979,4.5,0),(375,2.609999895,0.340000004,4.329999924,0),(376,3.99000001,0.460000008,4.28000021,0),(377,2.50999999,0.930000007,4.849999905,0),(378,2.789999962,0.860000014,4.699999809,0),(379,1.870000005,0.670000017,4.639999866,0),(380,1.610000014,0.079999998,3.019999981,0),(381,0,0,2.309999943,0),(382,2.119999886,1.629999995,5.639999866,0),(383,2.220000029,1.210000038,5.559999943,0),(384,4.179999828,1.149999976,3.99000001,0),(385,1.279999971,0.670000017,4.440000057,0),(386,0.189999998,0.349999994,2.200000048,0),(387,0,0,3.099999905,0),(388,0,0,2.049999952,0),(389,0,0,2.369999886,0),(390,0,0,1.580000043,0),(391,0,0,0.519999981,0),(392,0,0,2.059999943,0),(393,0,0,1.5,0),(394,0,0,4.480000019,0),(395,0,0,1.529999971,0),(396,0,0,1.809999943,0),(397,0,0,7.710000038,0),(398,0,0,2.160000086,0),(399,0,0,3.730000019,0),(400,0,0,3.680000067,0),(401,0,0,3.769999981,0),(402,0,0,3.950000048,0),(403,0,0,4.710000038,0),(404,0,0,2.930000067,0),(405,0,0,2.279999971,0),(406,0,0,4.349999905,0),(407,0,0,3.720000029,0),(408,0,0,4.070000172,0),(409,0,0,7.539999962,0),(410,0,0,5.079999924,0),(411,0,0,2.599999905,0),(412,0,0,3.450000048,0),(413,0,0,6.599999905,0),(414,0,0,0.159999996,0),(415,0,0,5.320000172,0),(416,0,0,5.510000229,0),(417,1.169999957,0.310000002,6.010000229,0),(418,0,0,4.900000095,0),(419,0,0,2.680000067,0),(420,0,0,3.50999999,0),(421,0,0,3.400000095,0),(422,0,0,4.179999828,0),(423,0,0.25999999,4.139999866,0),(424,0,0.379999995,3.660000086,0),(425,0,0.49000001,4.340000153,0),(426,0.059999999,0.419999987,1.809999943,0),(427,0,0,3.75999999,0),(428,0,0,3.420000076,0),(429,0,0,2.799999952,0),(430,0.230000004,0.200000003,1.99000001,0),(431,0,0,2.299999952,0),(432,0,0,1.159999967,0),(433,0,0,1.029999971,0),(434,0,0,0.620000005,0),(435,0,0,3.069999933,0),(436,0,0,0.519999981,0),(437,0.360000014,0.209999993,1.879999995,0),(438,1.49000001,0.370000005,3.160000086,0),(439,0,0,0.810000002,0),(440,0,0.389999986,3.109999895,0),(441,0,0,3.289999962,0),(442,0,0,4.96999979,0),(443,0,0,3.470000029,0),(444,0,0,2.079999924,0),(445,0,0,4.199999809,0),(446,0,0,4.329999924,0),(447,0,0,1.789999962,0),(448,2,0.620000005,4.199999809,0),(449,1.659999967,1.940000057,3.410000086,0),(450,0.02,2.74000001,3.940000057,0),(451,0.07,1.419999957,5.429999828,0),(452,5.449999809,4.099999905,5.53000021,0),(453,0.079999998,0.280000001,3.25999999,0),(454,0.790000021,0.860000014,3.789999962,0),(455,0,0,4.440000057,0),(456,0.680000007,1.809999943,4.78000021,0),(457,1.850000024,1.529999971,3.380000114,0),(458,0.560000002,1.679999948,2.920000076,0),(459,2.779999971,1.450000048,7.150000095,0),(460,0,0,6.260000229,0),(461,1.269999981,0.519999981,4.599999905,0),(462,0,0,3.950000048,0),(463,1.860000014,0.400000006,5.320000172,0),(464,0,0,3.599999905,0),(465,0,0,0.029999999,0),(466,0.109999999,0.930000007,4.880000114,0),(467,0,0.219999999,4.880000114,0.02),(468,0,0,5.320000172,0),(469,0,0,5.690000057,0.01),(470,3.109999895,0.02,3.50999999,0.01),(471,0,0.349999994,1.340000033,0),(472,0.07,0.280000001,4.889999866,0),(473,0,0,5.360000134,0),(474,1.50999999,0.119999997,4.659999847,0.01),(475,0.129999995,0.370000005,5.46999979,0.01),(476,0.460000008,0,4.420000076,0.02),(477,2.089999914,0.230000004,4.019999981,0.01),(478,3,0.059999999,1.620000005,0),(479,0,0,4.949999809,0),(480,0.119999997,0.180000007,5.239999771,0),(481,0,0,2.359999895,0),(482,2.160000086,0.340000004,2.910000086,0),(483,1.360000014,1.409999967,2.180000067,0),(484,0.330000013,1.080000043,4.260000229,0.01),(485,0.49000001,1.039999962,3.440000057,0),(486,0,0.209999993,4.829999924,0.02),(487,0.059999999,0.25,4.659999847,0.01),(488,0,0,5.559999943,0),(489,0.779999971,0.800000012,4.03000021,0),(490,0,0.119999997,4.610000134,0.01),(491,2.279999971,0.550000012,0.550000012,0),(492,2.900000095,0,2.640000105,0),(493,0,0,5.190000057,0),(494,0,0,5.550000191,0.01),(495,0,0,4.320000172,0.01),(496,0,0,5.110000134,0),(497,0,0,3.230000019,0.01),(498,0.99000001,0.340000004,5.269999981,0.02),(499,0.340000004,1.029999971,4.650000095,0.01),(500,0,0,5.059999943,0.02),(501,0,0,4.699999809,0.029999999),(502,1.409999967,0.100000001,4.360000134,0.01),(503,1.080000043,0.200000003,3.349999905,0),(504,0,0,5.239999771,0.02),(505,0.839999974,0.090000004,2.380000114,0.02),(506,1.149999976,0.25999999,4.639999866,0.01),(507,0,0,2.609999895,0.01),(508,1.399999976,0.079999998,3.579999924,0),(509,0.889999986,0.189999998,3.49000001,0.02),(510,0,0,4.090000153,0),(511,1.850000024,0.050000001,3.869999886,0.01),(512,1.580000043,0.629999995,3.190000057,0.01),(513,0,0,3.75999999,0),(514,0,0,6.21999979,0.01),(515,1.059999943,0.090000004,2.420000076,0.01),(516,0,0,2.089999914,0),(517,3.059999943,0.910000026,2.00999999,0),(518,2.029999971,2.130000114,2.549999952,0),(519,0.319999993,0.970000029,3.819999933,0),(520,1.049999952,1.75,3.25999999,0),(521,2.029999971,4,2.970000029,0),(522,0.699999988,2.349999905,3.920000076,0),(523,0.25,3.730000019,3.819999933,0),(524,2.24000001,2.450000048,3.960000038,0),(525,0.200000003,4.349999905,3.279999971,0),(526,0,0,4.059999943,0),(527,2.329999924,0.579999983,3.059999943,0),(528,0,4.21999979,3.849999905,0),(529,3.269999981,4.559999943,2.170000076,0),(530,5.619999886,0.430000007,2.410000086,0),(531,0.449999988,4.21999979,2.950000048,0),(532,0,0.419999987,4.619999886,0),(533,1.370000005,0.289999992,3.220000029,0),(534,3.74000001,1.299999952,2.710000038,0),(535,3.690000057,2.099999905,3.410000086,0),(536,2.670000076,1.980000019,2.410000086,0),(537,1.539999962,6.480000019,3.019999981,0),(538,3.319999933,1.74000001,4.53000021,0),(539,1.809999943,4.579999924,2.890000105,0),(540,1.75999999,4.110000134,2.710000038,0),(541,3.109999895,2.50999999,2.670000076,0),(542,0,4.130000114,3.589999914,0),(543,0.680000007,5.239999771,3.170000076,0),(544,0.769999981,5.599999905,3.549999952,0),(545,0.07,5.400000095,3.309999943,0),(546,0.370000005,0,0.129999995,0),(547,0.150000006,0.239999995,5.679999828,0),(548,0,0,0,0),(549,0,0,0.029999999,0),(550,0.209999993,0.360000014,0.769999981,0),(551,0.449999988,0.370000005,0.589999974,0),(552,0,0,0.01,0),(553,0,0,0.039999999,0),(554,0,0,0,0),(555,0,0,0,0),(556,0,0,0,0),(557,0,0,0,0),(558,0,0,0,0),(559,0,0,0,0),(560,0,0,0,0),(561,0,0,0,0),(562,0,0,0,0),(563,0,0,0,0),(564,0,0,0,0),(565,0,0,0,0),(566,0,0,0,0),(567,0,0.039999999,0.289999992,0),(568,0,0,3.150000095,0.050000001),(569,0.670000017,1.039999962,5.579999924,0),(570,2.619999886,1.679999948,4.039999962,0.07),(571,0,0,3.099999905,0.01),(572,0,0,3.579999924,0),(573,0,0,4.150000095,0),(574,0.200000003,0.119999997,2.940000057,0),(575,0,0,3.869999886,0.039999999),(576,0.109999999,0.170000002,2.329999924,0),(577,0,0,0.409999996,0),(578,0,0,3.940000057,0),(579,0,0,4.369999886,0),(580,0,0,0,0),(581,0.209999993,0.25999999,2.440000057,0),(582,0,0,0,0),(583,0.529999971,0.589999974,1.309999943,0),(584,0.109999999,0.330000013,6.440000057,0),(585,0,0,3.799999952,0),(586,0,0,3.180000067,0),(587,0,0,0.02,0),(588,0.07,0.330000013,1.120000005,0),(589,0,0,5.989999771,0),(590,0,0.680000007,5.309999943,0),(591,0,0,0.349999994,0),(592,0.059999999,0.810000002,2.150000095,0),(593,0,0,3.309999943,0),(594,0.059999999,0.200000003,2.470000029,0),(595,0,0.280000001,5.929999828,0),(596,0.569999993,0.920000017,5.150000095,0),(597,0.409999996,1.919999957,4.909999847,0),(598,1.00999999,0.330000013,5.940000057,0),(599,0.449999988,0.790000021,4.119999886,0),(600,0.400000006,1.610000014,3.50999999,0),(601,0,0,0.839999974,0),(602,0,0.439999998,5.710000038,0),(603,0.579999983,1.070000052,4.829999924,0),(604,0.589999974,0.579999983,5.849999905,0),(605,2.630000114,1.409999967,5.449999809,0),(606,0.409999996,0.469999999,5.460000038,0),(607,0.189999998,1.049999952,4.079999924,0),(608,0,0,2.460000038,0),(609,0.140000001,0.560000002,6.25,0),(610,0.209999993,0.460000008,5.699999809,0),(611,0.200000003,0.74000001,5.179999828,0),(612,0,0,0.01,0),(613,0,0,0,0),(614,0.059999999,0.629999995,3.880000114,0),(615,0.129999995,1.070000052,5.619999886,0),(616,0,0,6.730000019,0),(617,0.209999993,0.400000006,4.449999809,0),(618,0,0,3.579999924,0),(619,3.559999943,0.400000006,5.139999866,0),(620,1.370000005,0.689999998,5.769999981,0),(621,1.100000024,1.720000029,5.289999962,0),(622,0.370000005,0.389999986,6.980000019,0),(623,3.299999952,1.110000014,4.920000076,0),(624,4.5,0.319999993,5.349999905,0),(625,1.080000043,0.50999999,6.300000191,0),(626,0.730000019,1.399999976,7.840000153,0),(627,0.939999998,1.059999943,5.269999981,0),(628,0.699999988,2.50999999,5.389999866,0),(629,1.289999962,0.430000007,6.03000021,0),(630,0.800000012,0.889999986,5.420000076,0),(631,0.699999988,2,6.940000057,0),(632,1.00999999,0.680000007,6.199999809,0),(633,3.769999981,0.079999998,4.550000191,0),(634,1.129999995,0.779999971,7.880000114,0),(635,2.789999962,0.930000007,5.800000191,0),(636,0.629999995,1.669999957,5.090000153,0),(637,2.109999895,2.089999914,5.929999828,0),(638,9.449999809,2.769999981,5.329999924,0),(639,9.890000343,1.25999999,3.230000019,0),(640,0.340000004,0.730000019,6.789999962,0),(641,0.810000002,0.649999976,6.460000038,0),(642,0.529999971,0.790000021,6.53000021,0),(643,0,0,2.589999914,0),(644,0,0,2.200000048,0),(645,0,0,1.99000001,0),(646,0,0,2.670000076,0),(647,0,0,4.829999924,0),(648,0,0,2.650000095,0),(649,0,0,1.519999981,0),(650,2,0.289999992,1.950000048,0),(651,0,0,1.389999986,0),(652,0,0,1.389999986,0),(653,0,0,2.539999962,0),(654,0,0,4.579999924,0),(655,0,0,2.930000067,0),(656,0,0,3.359999895,0),(657,0,0,2.269999981,0),(658,2.410000086,0.039999999,1.960000038,0),(659,2.619999886,0.029999999,2.380000114,0),(660,0,0,3.00999999,0),(661,0,0,3.130000114,0),(662,0,0,4.179999828,0),(663,0,0,3.50999999,0),(664,2.210000038,0.189999998,2.349999905,0),(665,2.480000019,0.109999999,2.579999924,0),(666,0,0,1.960000038,0),(667,0.119999997,0.239999995,2.180000067,0),(668,0,0,3.029999971,0),(669,2.130000114,0.189999998,1.25,0),(670,0,0.25,4.650000095,0),(671,0,0,3.539999962,0),(672,0,0,2.630000114,0),(673,2.25,1,2.859999895,0),(674,0,0,0.519999981,0),(675,0,0,3.390000105,0),(676,1.24000001,0.439999998,1.610000014,0),(677,0,0,4.489999771,0),(678,0.589999974,0.839999974,3.730000019,0),(679,0.550000012,0.75,3.5,0),(680,0.550000012,1.139999986,4.710000038,0),(681,0.980000019,0.930000007,4,0),(682,0.050000001,0.360000014,3.160000086,0),(683,0,0,3.170000076,0);
/*!40000 ALTER TABLE `activedistance` ENABLE KEYS */;
UNLOCK TABLES;

--
-- Table structure for table `activetime`
--

DROP TABLE IF EXISTS `activetime`;
/*!40101 SET @saved_cs_client     = @@character_set_client */;
/*!50503 SET character_set_client = utf8mb4 */;
CREATE TABLE `activetime` (
  `ActiveTimeId` int NOT NULL,
  `VeryActiveMinutes` int DEFAULT NULL,
  `FairlyActiveMinutes` int DEFAULT NULL,
  `LightlyActiveMinutes` int DEFAULT NULL,
  `SedentaryMinutes` int DEFAULT NULL,
  PRIMARY KEY (`ActiveTimeId`)
) ENGINE=InnoDB DEFAULT CHARSET=utf8mb4 COLLATE=utf8mb4_0900_ai_ci;
/*!40101 SET character_set_client = @saved_cs_client */;

--
-- Dumping data for table `activetime`
--

LOCK TABLES `activetime` WRITE;
/*!40000 ALTER TABLE `activetime` DISABLE KEYS */;
INSERT INTO `activetime` VALUES (101,25,13,328,728),(102,21,19,217,776),(103,30,11,181,1218),(104,29,34,209,726),(105,36,10,221,773),(106,38,20,164,539),(107,42,16,233,1149),(108,50,31,264,775),(109,28,12,205,818),(110,19,8,211,838),(111,66,27,130,1217),(112,41,21,262,732),(113,39,5,238,709),(114,73,14,216,814),(115,31,23,279,833),(116,78,11,243,1108),(117,48,28,189,782),(118,16,12,243,815),(119,52,34,217,712),(120,33,35,246,730),(121,41,15,277,798),(122,50,24,254,816),(123,36,22,203,1179),(124,45,24,250,857),(125,24,6,289,754),(126,37,46,175,833),(127,44,8,203,574),(128,46,11,206,835),(129,46,31,214,746),(130,36,23,251,669),(131,0,0,0,1440),(132,0,0,146,1294),(133,0,0,148,1292),(134,0,0,236,1204),(135,0,0,96,1344),(136,0,0,176,1264),(137,15,22,127,1276),(138,17,7,202,1214),(139,0,0,141,1299),(140,0,0,151,1289),(141,0,0,186,1254),(142,0,0,199,1241),(143,0,0,227,1213),(144,16,18,185,1221),(145,0,0,202,1238),(146,0,0,140,1300),(147,17,36,154,1233),(148,0,5,115,1320),(149,0,0,150,1290),(150,11,23,224,1182),(151,186,63,171,1020),(152,7,6,166,1261),(153,0,0,96,1344),(154,0,0,118,1322),(155,0,0,117,1323),(156,0,0,102,1338),(157,0,0,182,1258),(158,0,0,152,1288),(159,0,0,91,1349),(160,0,0,139,1301),(161,0,0,112,1328),(162,0,0,107,890),(163,2,51,256,1131),(164,30,16,135,1259),(165,5,58,252,1125),(166,3,4,170,1263),(167,51,42,212,1135),(168,29,13,186,1212),(169,15,33,121,1271),(170,5,58,278,1099),(171,0,0,125,1315),(172,0,0,38,1402),(173,0,0,86,1354),(174,0,15,160,1265),(175,0,0,89,1351),(176,8,1,94,1337),(177,11,41,223,1165),(178,0,0,118,1322),(179,3,53,227,1157),(180,0,0,120,1193),(181,9,71,402,816),(182,3,24,146,908),(183,1,7,148,682),(184,10,94,221,1115),(185,0,0,52,1388),(186,6,12,81,1341),(187,11,6,369,1054),(188,41,17,243,1139),(189,0,0,295,991),(190,32,6,303,1099),(191,12,19,155,1254),(192,0,0,49,713),(193,0,0,339,1101),(194,0,0,248,1192),(195,0,0,373,843),(196,0,0,176,527),(197,0,0,147,1293),(198,2,8,199,1231),(199,0,12,217,1211),(200,0,0,10,1430),(201,0,0,1,1439),(202,2,13,308,1117),(203,0,0,220,1220),(204,0,0,139,1301),(205,0,0,0,1440),(206,0,0,0,1440),(207,0,0,0,1440),(208,0,0,1,1439),(209,0,0,302,1138),(210,0,0,247,1082),(211,0,0,184,218),(212,0,7,75,585),(213,0,0,0,1440),(214,0,0,184,1256),(215,0,0,87,1353),(216,0,0,120,1320),(217,0,0,2,1438),(218,0,0,0,1440),(219,0,0,0,1440),(220,0,0,0,1440),(221,0,0,0,1440),(222,0,0,0,1440),(223,0,0,0,711),(224,0,0,55,734),(225,0,0,32,986),(226,0,9,88,1292),(227,0,0,51,941),(228,0,0,0,1440),(229,0,0,0,1440),(230,0,0,17,1423),(231,0,0,0,1440),(232,0,0,0,1440),(233,0,0,0,1440),(234,0,0,10,1430),(235,0,0,145,1295),(236,1,6,75,1358),(237,0,0,12,1303),(238,0,0,192,1058),(239,0,0,0,1440),(240,0,0,95,1167),(241,0,0,0,1440),(242,0,0,0,1440),(243,14,1,70,1355),(244,16,8,94,1322),(245,10,0,17,1413),(246,0,0,87,1353),(247,0,0,0,1440),(248,0,0,108,1332),(249,0,0,48,1392),(250,0,0,0,1440),(251,0,0,0,1440),(252,0,0,0,1440),(253,0,0,0,1440),(254,0,0,0,966),(255,42,14,227,1157),(256,43,5,292,1100),(257,32,3,257,1148),(258,27,9,282,1122),(259,41,11,151,1237),(260,28,29,331,1052),(261,48,3,311,1078),(262,31,7,250,1152),(263,48,63,276,1053),(264,104,53,255,1028),(265,52,10,273,1105),(266,0,0,249,1191),(267,37,26,216,1161),(268,44,8,217,1171),(269,55,24,275,1086),(270,19,20,282,1119),(271,6,20,291,1123),(272,21,40,281,1098),(273,13,23,361,1043),(274,25,28,245,1142),(275,36,8,277,1119),(276,72,14,250,1104),(277,36,27,272,1105),(278,55,20,253,1112),(279,24,17,295,1104),(280,20,2,149,1269),(281,0,0,135,1305),(282,35,47,297,1061),(283,57,28,271,1084),(284,58,25,224,1133),(285,16,16,236,728),(286,3,8,181,706),(287,0,0,238,663),(288,0,0,197,653),(289,0,0,188,687),(290,0,0,150,728),(291,0,0,60,1053),(292,0,0,182,1062),(293,0,0,141,785),(294,0,0,327,623),(295,0,0,153,749),(296,0,0,162,712),(297,0,0,432,458),(298,0,0,164,704),(299,0,0,260,821),(300,0,0,288,1018),(301,0,0,286,586),(302,0,0,331,626),(303,0,0,352,492),(304,0,0,233,594),(305,0,0,191,716),(306,0,0,355,716),(307,0,0,304,981),(308,0,0,345,530),(309,0,0,475,479),(310,0,0,383,511),(311,0,0,229,665),(312,0,0,258,610),(313,0,0,401,543),(314,0,0,17,1002),(315,0,0,330,569),(316,0,0,343,330),(317,13,9,306,1112),(318,0,0,335,1105),(319,0,0,191,1249),(320,0,0,245,1195),(321,0,0,195,1245),(322,0,0,249,1191),(323,0,7,260,1173),(324,0,11,228,1201),(325,0,11,283,1146),(326,1,10,127,1302),(327,0,0,266,1174),(328,0,0,242,1129),(329,0,0,204,1236),(330,3,5,152,1280),(331,0,0,147,1293),(332,0,0,82,1358),(333,0,0,76,1364),(334,0,0,45,1395),(335,0,0,234,1206),(336,0,0,40,1400),(337,5,6,123,1306),(338,20,10,206,1204),(339,0,0,52,1388),(340,0,11,223,1206),(341,0,0,204,1236),(342,0,0,319,1121),(343,0,0,247,1193),(344,0,0,145,1295),(345,0,0,290,1150),(346,0,0,300,1140),(347,0,0,128,830),(348,28,13,320,964),(349,19,32,195,676),(350,1,48,206,705),(351,1,24,284,720),(352,66,72,268,968),(353,1,7,249,508),(354,11,16,206,678),(355,0,7,382,648),(356,11,43,269,1011),(357,23,26,208,761),(358,9,27,206,781),(359,32,35,360,591),(360,0,0,360,584),(361,15,11,277,653),(362,0,0,227,732),(363,26,9,295,623),(364,0,0,229,764),(365,0,0,4,2),(366,2,21,356,1061),(367,0,8,404,1028),(368,0,0,331,1109),(369,0,0,448,992),(370,47,1,305,1087),(371,0,8,160,1272),(372,1,6,311,1122),(373,0,0,389,1051),(374,22,5,378,1035),(375,2,10,371,1057),(376,46,0,366,1028),(377,28,5,330,1077),(378,46,1,190,1203),(379,0,0,359,1081),(380,2,5,309,1124),(381,46,0,197,1197),(382,28,7,213,1192),(383,20,23,206,1191),(384,5,20,248,1167),(385,7,18,196,1219),(386,0,7,334,1099),(387,1,6,363,1070),(388,0,0,420,1020),(389,13,23,311,1093),(390,0,5,370,1065),(391,75,11,52,1302),(392,46,0,326,1068),(393,0,0,345,1095),(394,0,0,373,1067),(395,0,0,319,1121),(396,0,0,268,720),(397,0,0,280,1160),(398,16,8,371,1045),(399,6,25,370,1039),(400,0,0,335,1105),(401,0,0,356,1084),(402,11,2,322,1105),(403,20,7,343,1070),(404,0,0,376,1064),(405,15,3,274,1148),(406,18,9,376,1037),(407,0,0,206,1234),(408,20,2,303,1115),(409,14,7,292,1127),(410,0,0,416,1024),(411,22,2,333,1083),(412,24,13,346,1057),(413,0,0,385,1055),(414,0,0,402,1038),(415,17,4,300,1119),(416,0,0,172,842),(417,44,19,131,777),(418,31,46,153,754),(419,5,23,214,801),(420,15,42,183,644),(421,31,83,153,663),(422,11,58,205,600),(423,4,95,214,605),(424,19,67,221,738),(425,2,98,164,845),(426,0,0,242,712),(427,33,12,188,731),(428,0,92,252,724),(429,30,95,129,660),(430,50,9,133,781),(431,7,95,170,797),(432,0,10,176,714),(433,15,8,190,804),(434,36,32,150,744),(435,43,52,194,687),(436,41,40,124,691),(437,24,143,176,713),(438,47,41,258,594),(439,14,96,142,852),(440,14,88,178,680),(441,29,55,168,676),(442,0,86,208,703),(443,9,116,171,688),(444,8,122,151,1159),(445,1,115,196,676),(446,4,0,9,13),(447,4,15,331,712),(448,0,0,0,1440),(449,0,0,3,1437),(450,36,18,87,1299),(451,65,21,55,1222),(452,0,0,2,1438),(453,0,0,2,1438),(454,0,0,0,1440),(455,0,0,0,1440),(456,0,0,0,1440),(457,0,0,0,1440),(458,0,0,0,1440),(459,0,0,0,1440),(460,0,0,0,1440),(461,0,0,0,1440),(462,0,0,0,1440),(463,0,0,0,1440),(464,0,0,0,1440),(465,0,0,0,1440),(466,0,0,0,1440),(467,0,11,31,1350),(468,0,0,174,950),(469,13,46,346,531),(470,38,42,196,916),(471,0,0,177,855),(472,0,0,184,1256),(473,0,0,263,775),(474,3,5,173,1225),(475,0,0,206,774),(476,2,8,134,1296),(477,0,0,21,721),(478,0,0,164,1276),(479,0,0,160,1280),(480,0,0,0,1440),(481,3,6,88,873),(482,0,0,0,1440),(483,8,15,96,1234),(484,1,9,339,589),(485,0,0,228,752),(486,0,0,194,724),(487,0,0,3,1363),(488,1,9,58,824),(489,0,0,311,604);
/*!40000 ALTER TABLE `activetime` ENABLE KEYS */;
UNLOCK TABLES;

--
-- Table structure for table `addressinfo`
--

DROP TABLE IF EXISTS `addressinfo`;
/*!40101 SET @saved_cs_client     = @@character_set_client */;
/*!50503 SET character_set_client = utf8mb4 */;
CREATE TABLE `addressinfo` (
  `street number` int DEFAULT NULL,
  `street name` text,
  `city` text,
  `state` text,
  `country` text,
  `zip code` int DEFAULT NULL,
  `AddressID` int NOT NULL,
  PRIMARY KEY (`AddressID`)
) ENGINE=InnoDB DEFAULT CHARSET=utf8mb4 COLLATE=utf8mb4_0900_ai_ci;
/*!40101 SET character_set_client = @saved_cs_client */;

--
-- Dumping data for table `addressinfo`
--

LOCK TABLES `addressinfo` WRITE;
/*!40000 ALTER TABLE `addressinfo` DISABLE KEYS */;
INSERT INTO `addressinfo` VALUES (199,'Bass','Villa Park','Alabama','Sint Maarten',36759,500),(128,'Font','Moraga','Maryland','St. Vincent & Grenadines',96089,501),(1274,'Norwich','Upland','Utah','Solomon Islands',27105,502),(184,'Shawnee','Somerville','Montana','Malaysia',34643,503),(1074,'Merrie','Carson City','New Jersey','Yemen',37474,504),(150,'Bennington','Enterprise','New Hampshire','Albania',82798,505),(1292,'Richter','Nashua','Utah','St. Martin',12653,506),(772,'Laguna Honda','Orange','Rhode Island','Comoros',3620,507),(513,'Del Monte','San Francisco','Ohio','French Guiana',5529,508),(291,'Dore','Arlington','Delaware','Pakistan',80608,509),(1386,'Avila','Poplar Bluff','California','Latvia',89554,510),(589,'Silliman','San Gabriel','New Hampshire','Zimbabwe',53376,511),(729,'Bucareli','Herriman','Louisiana','Gibraltar',40208,512),(782,'Quesada','Long Beach','Kansas','Greenland',50557,513),(486,'Greenspring','Burlington','South Dakota','Peru',80637,514),(366,'Anthony','Klamath Falls','Michigan','Turkmenistan',84312,515),(797,'Reservoir','Eagan','Washington','Egypt',88079,516),(929,'Linden','Radcliff','South Dakota','Germany',98417,517),(1288,'Myra','Westfield','Nebraska','South Africa',46759,518),(747,'Stillings','Encinitas','South Dakota','Australia',7300,519),(1165,'Colby','Attleboro','Michigan','Argentina',47309,520),(276,'Roselyn','Windsor','Texas','Andorra',70791,521),(1065,'Emmett','Lemon Grove','Illinois','Malaysia',25359,522),(580,'Virgil','McDonough','Iowa','Congo - Brazzaville',75687,523),(334,'Somerset','Horn Lake','Texas','Canary Islands',2372,524),(1130,'Weldon','Culver City','Nevada','Bolivia',79361,525),(280,'Kobbe','Adrian','Wisconsin','Guam',52100,526),(525,'Elmira','Cartersville','Alaska','Dominican Republic',3066,527),(894,'Pemberton','Avenal','Florida','Uruguay',15497,528),(444,'Rockwood','Newport','Delaware','South Africa',9696,529),(632,'Burritt','Livonia','Rhode Island','Namibia',42306,530),(21,'Margaret','Bensenville','Nevada','Marshall Islands',9405,531),(1314,'Emmett','SeaTac','Montana','Armenia',10062,532),(479,'Russell','Ceres','Kansas','Trinidad & Tobago',99047,533),(347,'Carrie','Clearfield','Massachusetts','Vietnam',11595,534),(818,'Diamond','Whittier','California','Kosovo',65659,535),(1340,'Burlwood','Haltom City','Tennessee','Bolivia',33893,536),(641,'Wagner','Rancho Palos Verdes','Arizona','Christmas Island',86670,537),(133,'Bay View','Portage','Idaho','Liechtenstein',31332,538),(114,'Decker','Savage','Oklahoma','Micronesia',39524,539),(890,'Peter Yorke','Seattle','Nebraska','Dominican Republic',77096,540),(298,'Myra','La Vergne','New York','Rwanda',34991,541),(285,'Plum','Maplewood','North Dakota','Slovakia',14042,542),(282,'Plaza','Greensboro','Delaware','Germany',55764,543),(1399,'Admiral','Grove City','West Virginia','Antigua & Barbuda',48666,544),(1308,'Harrington','Cerritos','Oregon','Bermuda',13490,545),(535,'Taraval','Woodburn','North Carolina','U.S. Virgin Islands',31053,546),(534,'Hahn','Kalamazoo','Utah','Nepal',94726,547),(1130,'Fitch','Fremont','Utah','Czech Republic',53367,548),(1280,'Van Buren','Brownsville','Washington','New Zealand',60771,549),(536,'Perimeter','Beverly Hills','Oklahoma','Switzerland',72723,550),(258,'Al Scoma','Palo Alto','New Mexico','Congo - Brazzaville',78946,551),(890,'Prospect','Sedalia','Georgia','Micronesia',60987,552),(855,'Carroll','Cupertino','Kentucky','Slovakia',58090,553),(345,'Rockaway','Twentynine Palms','Alaska','Anguilla',72376,554),(1329,'Edith','Cottage Grove','Connecticut','New Zealand',72217,555),(1381,'Lassen','Paris','North Dakota','Sint Maarten',96470,556),(597,'Yosemite','Bentonville','Ohio','Mali',83724,557),(309,'Sherwood','Hillsboro','Utah','Luxembourg',87111,558),(58,'Detroit','Missoula','Connecticut','Tonga',90268,559),(538,'Ohlone','LaGrange','Mississippi','Georgia',49754,560),(1165,'Josepha','DeKalb','Idaho','Madagascar',36349,561),(1263,'Holyoke','Idaho Falls','West Virginia','Jordan',17102,562),(818,'Lucerne','Santa Barbara','Colorado','Guernsey',48627,563),(1234,'Macarthur','Concord','California','Azerbaijan',97540,564),(217,'Mercury','Bend','Georgia','Lesotho',75496,565),(458,'Charter Oak','Eastpointe','North Carolina','Cyprus',88823,566),(622,'Mission Rock','Onalaska','Minnesota','Falkland Islands',20044,567),(454,'Coleridge','Rolling Meadows','Rhode Island','China',97918,568),(1239,'Westgate','Peekskill','South Dakota','Cook Islands',16925,569),(1336,'Perego','Saginaw','California','Argentina',6545,570),(133,'Yacht','McKeesport','Alabama','Greece',49169,571),(798,'Hansen','Vallejo','Florida','Madagascar',3904,572),(212,'Columbus','Rohnert Park','Oregon','Belarus',57483,573),(377,'Nelson','Peoria','South Carolina','Namibia',55569,574),(1278,'Ludlow','Parma Heights','Vermont','Vanuatu',79453,575),(877,'Rickard','Roswell','Mississippi','Laos',99109,576),(92,'Erkson','Ventura','Hawaii','Pitcairn Islands',32339,577),(436,'Edgewood','Lufkin','Arizona','El Salvador',89555,578),(809,'Brentwood','Hackensack','Louisiana','Caribbean Netherlands',3288,579),(1010,'Water','Belle Glade','Illinois','Russia',27598,580),(455,'Glover','Pico Rivera','Arizona','Angola',75866,581),(667,'Evelyn','South Lake Tahoe','North Dakota','Nauru',51005,582),(5,'Transbay Loop','Muskogee','Tennessee','Canary Islands',56591,583),(685,'Sparta','Gaithersburg','Louisiana','French Polynesia',6219,584),(703,'Brunswick','Norton Shores','Nevada','Bosnia & Herzegovina',62871,585),(794,'Oneida','Oak Lawn','Wyoming','South Sudan',69040,586),(364,'Gilman','Wilmette','Michigan','Andorra',64452,587),(1160,'Berkshire','Aventura','Missouri','Central African Republic',66209,588),(467,'Brussels','Plymouth','Oklahoma','Turkey',52371,589),(672,'Darrell','Madera','Mississippi','Canada',80491,590),(807,'Danvers','Palm Bay','Delaware','Venezuela',30567,591),(395,'Red Rock','Orem','Nebraska','Tunisia',19930,592),(1213,'Balance','Fitchburg','New Jersey','Belgium',53209,593),(1291,'Marston','Milford','Kansas','Montenegro',61534,594),(119,'Peru','Soledad','Rhode Island','Uganda',48934,595),(545,'Edgemont','Wildwood','Arizona','Solomon Islands',93333,596),(473,'Angelos','Paramus','Indiana','Austria',62158,597),(161,'Saint Germain','Chico','Florida','Panama',37419,598),(195,'Maynard','Lindenwold','Hawaii','Slovenia',94622,599),(399,'Brotherhood','Winston-Salem','Washington','Martinique',49010,600),(706,'Yukon','White Bear Lake','Iowa','Azerbaijan',5239,601),(577,'Avery','Chester','New Jersey','Tonga',50222,602),(107,'Central','Rochester Hills','Massachusetts','Nigeria',83367,603),(316,'Hamerton','Springville','North Dakota','Madagascar',33566,604),(354,'Severn','LaGrange','Delaware','Fiji',43268,605),(840,'Johnstone','Cerritos','Utah','French Guiana',83511,606),(601,'Bella Vista','Wasco','Wyoming','Cyprus',69658,607),(161,'Lexington','Seattle','North Dakota','Zimbabwe',1865,608),(1030,'Sanches','Norwich','Alaska','Fiji',24725,609),(1311,'Brookhaven','Sunnyvale','Colorado','Malawi',52167,610),(880,'Noe','Turlock','Colorado','Micronesia',82968,611),(1115,'Key','McAlester','Montana','Ascension Island',75899,612),(457,'Arago','Gastonia','Oregon','Mongolia',96147,613),(714,'Mccann','Anderson','Florida','Tokelau',27247,614),(1247,'Cortes','Farmington Hills','Washington','Jamaica',70057,615),(160,'Bell','Collinsville','South Carolina','Nauru',15890,616),(113,'Modoc','Salina','Georgia','Ascension Island',89640,617),(1114,'Lee','Macon','Vermont','Latvia',22044,618),(470,'Catherine','Bell Gardens','North Dakota','United States',75265,619),(373,'Wallace','Carbondale','Iowa','Japan',98583,620),(1364,'Diamond Cove','Bettendorf','Delaware','Mozambique',4883,621),(49,'Burr','Seguin','Arkansas','Togo',99677,622),(973,'Lincoln','Lakewood','Illinois','Greece',15782,623),(244,'Merrie','San Ramon','California','Togo',63679,624),(898,'Thomas More','Menomonee Falls','Alaska','Sint Maarten',75728,625),(1379,'Ashwood','Norco','Wisconsin','American Samoa',94517,626),(733,'Colusa','Burleson','Oregon','Cambodia',58430,627),(345,'Edward','Westmont','Wyoming','Greece',10881,628),(311,'Woodland','South San Francisco','Florida','San Marino',77269,629),(58,'Bigler','Mount Prospect','Nebraska','Åland Islands',26586,630),(1311,'Sears','Casper','Maine','Canary Islands',11077,631),(1247,'Lettuce','Royal Palm Beach','Texas','Eritrea',898,632),(1022,'Gibbon','Pompano Beach','Tennessee','Côte d’Ivoire',11086,633),(1260,'Hale','Carlsbad','Colorado','Svalbard & Jan Mayen',12384,634),(200,'Baker','Vernon Hills','West Virginia','Maldives',73925,635),(879,'Hansen','Port Huron','Kansas','Ghana',11844,636),(1316,'Trumbull','Alhambra','Oklahoma','Brazil',4161,637),(496,'Ottawa','South Holland','California','Saudi Arabia',83485,638),(1375,'Lois','Great Falls','West Virginia','Mozambique',39867,639),(624,'Clarke','Des Plaines','Mississippi','Thailand',89532,640),(627,'Brotherhood','Lauderhill','Florida','Kiribati',30343,641),(1049,'Junipero Serra','Laredo','Alaska','Guam',71764,642),(442,'Lawrence','State College','Georgia','South Korea',51831,643),(818,'Georgia','Arnold','Delaware','Congo - Kinshasa',62582,644),(498,'Krausgrill','Atwater','Utah','Aruba',87083,645),(1384,'Kenwood','Downey','Wisconsin','St. Lucia',28490,646),(1327,'Angelos','New Albany','Missouri','Afghanistan',48561,647),(1300,'Lettuce','Weston','Montana','St. Martin',38755,648),(1204,'Harding','Kenmore','Indiana','San Marino',87594,649),(1359,'Rizal','Downers Grove','Arkansas','Saudi Arabia',39459,650),(111,'De Long','Beckley','New Hampshire','Cambodia',96483,651),(1193,'Noriega','Macomb','Utah','St. Barthélemy',92141,652),(1146,'Del Monte','Bangor','Florida','Nauru',9327,653),(290,'Pretor','Jonesboro','Minnesota','Guadeloupe',81790,654),(821,'Balhi','Tucson','Vermont','Togo',2784,655),(327,'Whittier','Golden','Missouri','China',69533,656),(302,'Berkshire','Schererville','Kansas','Sint Maarten',44116,657),(1290,'Vicksburg','Steubenville','Oklahoma','Costa Rica',42617,658),(36,'Mariposa','Cocoa','Alaska','Macedonia',57581,659),(516,'Kiska','New Brighton','Maine','Guinea',60540,660),(359,'Mojave','Orlando','Virginia','Equatorial Guinea',90091,661),(1177,'Las Villas','Elk Grove Village','Rhode Island','Costa Rica',24431,662),(875,'Verna','Trenton','Maine','Nauru',26532,663),(480,'Roscoe','Ontario','Texas','Hong Kong SAR China',16932,664),(60,'Panama','Fond du Lac','Tennessee','Belarus',14844,665),(516,'Noe','North Canton','Utah','Lebanon',56638,666),(335,'Ulloa','Moorpark','Arkansas','United States',52452,667),(597,'Newton','Lake Charles','Connecticut','North Korea',90174,668),(1391,'West Crystal Cove','Newberg','Illinois','Jamaica',93869,669),(484,'Euclid','Clifton','North Dakota','Chile',96732,670),(972,'Santa Cruz','Fargo','West Virginia','Ascension Island',54396,671),(158,'El Sereno','Arvada','Iowa','Uganda',68333,672),(1341,'Bosworth','Fall River','South Dakota','Namibia',11940,673),(653,'Sacramento','Agoura Hills','Wisconsin','Swaziland',91784,674),(949,'Everson','North Ridgeville','Georgia','Switzerland',41738,675),(180,'Bonita','Kingston','Nevada','Azerbaijan',26537,676),(121,'Linda','Warren','Mississippi','Burkina Faso',52936,677),(1358,'San Pablo','Hialeah','Virginia','Turkey',76447,678),(123,'East Beach','Davie','Kentucky','Cambodia',6179,679),(1023,'Hiliritas','Terrell','Utah','Haiti',46134,680),(1327,'Anglo','Lewisville','Montana','St. Martin',12388,681),(1170,'Lockwood','New Lenox','Vermont','Comoros',47306,682),(453,'Zoe','Stevens Point','Texas','St. Kitts & Nevis',35632,683),(823,'Alta Mar','Lawton','Nebraska','Mali',10435,684),(100,'Doric','Vestavia Hills','Michigan','Kiribati',69778,685),(152,'Inca','Crestview','Maine','Thailand',92206,686),(743,'Atalaya','Marquette','Alabama','Mauritius',49859,687),(1396,'Old Mason','Rogers','Nevada','Honduras',57843,688),(1033,'Sibley','Salisbury','Minnesota','El Salvador',38675,689),(1115,'Letterman','Moorhead','Minnesota','Kuwait',31841,690),(1251,'La Ferrera','Raymore','Louisiana','United Arab Emirates',22483,691),(703,'Division','Chattanooga','West Virginia','Hong Kong SAR China',58009,692),(1200,'Custom House','Lebanon','Georgia','Sierra Leone',87826,693),(420,'Richards','Longview','New Hampshire','Argentina',44296,694),(1043,'Kirkwood','Sterling Heights','Wisconsin','Tristan da Cunha',95578,695),(889,'Hemlock','Evansville','Tennessee','Laos',54030,696),(871,'Leland','Maryville','Mississippi','Kyrgyzstan',77173,697),(709,'Fanning','Laramie','New Jersey','Dominica',91772,698),(1002,'Glen','Owasso','West Virginia','Brazil',97567,699),(143,'Cloud','Agawam','Arizona','Iceland',80633,700),(663,'Morse','Selma','Wisconsin','Svalbard & Jan Mayen',31302,701),(723,'Carpenter','Boca Raton','New Jersey','Rwanda',18468,702),(816,'Shafter','Mattoon','Wisconsin','St. Lucia',19460,703),(1156,'Gatun','West Springfield','North Carolina','United States',59279,704),(1216,'Yale','Garland','Ohio','Senegal',29049,705),(762,'Prentiss','Minneapolis','Virginia','Oman',24411,706),(287,'Sabin','Westminster','Kentucky','Bolivia',49213,707),(656,'Lamson','Perris','New York','Curaçao',75892,708),(107,'Boylston','Cookeville','Nevada','Palestinian Territories',65142,709),(141,'Finley','Peachtree City','New Hampshire','Turks & Caicos Islands',98093,710),(1125,'Sickles','Pinecrest','Missouri','Argentina',7619,711),(366,'Park Presidio','Paso Robles','New Jersey','Slovenia',11152,712),(1382,'Nevada','Mentor','Montana','Niue',88471,713),(947,'Thomas More','McAllen','Alaska','Djibouti',25925,714),(728,'Megan','Rosenberg','Idaho','Grenada',40493,715),(463,'Hooper','North Platte','Washington','Bosnia & Herzegovina',98652,716),(875,'Cosgrove','North Lauderdale','Nevada','Bolivia',53135,717),(488,'Beulah','Aventura','Washington','Guadeloupe',66287,718),(808,'Bluxome','Oro Valley','Indiana','Gambia',62651,719),(648,'Joice','Southaven','Texas','Palau',23838,720),(1395,'Continuum','Texarkana','Maryland','American Samoa',31421,721),(560,'Oceanview','Forest Lake','Oregon','Bahamas',61748,722),(1244,'Espanola','Paducah','Oregon','Indonesia',72120,723),(1380,'Nibbi','Missoula','Georgia','Oman',90923,724),(1289,'Roanoke','Mountain View','Alaska','Bangladesh',52165,725),(804,'Lyon','Selma','South Dakota','Ethiopia',72799,726),(1277,'Cutler','Dublin','Louisiana','Marshall Islands',144,727),(644,'Sedgewick','Chicopee','Maryland','St. Lucia',6592,728),(143,'Walkway','Clarksburg','Louisiana','British Virgin Islands',92286,729),(1071,'Cascade','Huntington Beach','Connecticut','Northern Mariana Islands',65023,730),(1144,'Mendell','Chicago Heights','New York','Burkina Faso',99384,731),(182,'Lucky','Atwater','North Carolina','Faroe Islands',2344,732),(327,'Tenny','Marietta','Washington','Macedonia',65751,733),(1222,'Brazil','Cookeville','Oklahoma','Myanmar',56161,734),(135,'China Basin','Bonita Springs','Kansas','British Virgin Islands',65184,735),(1003,'Cambridge','Cedar Falls','West Virginia','United States',85459,736),(924,'Virginia','Port Orange','Alabama','Turkey',71083,737),(86,'Brannan','Dublin','California','Tokelau',44909,738),(450,'Masonic','Rosenberg','New York','Paraguay',54582,739),(699,'Borica','Indianapolis','Rhode Island','Bulgaria',32077,740),(592,'Stow Lake','Hopkins','Pennsylvania','Tristan da Cunha',16001,741),(991,'Temple','Rolling Meadows','Minnesota','Northern Mariana Islands',57871,742),(748,'Hooper','High Point','Florida','Belarus',64709,743),(1332,'Eve','Murray','North Carolina','United Arab Emirates',84850,744),(1200,'Townsend','Wauwatosa','Rhode Island','Fiji',87319,745),(447,'Irwin','Wilkinsburg','Texas','Costa Rica',42374,746),(975,'Dalewood','Meriden','Michigan','Austria',39745,747),(263,'Mulford','Bedford','Alabama','El Salvador',54822,748),(582,'Oshaughnessy','Vista','Maryland','Suriname',51636,749),(332,'Gardenside','Lacey','Wisconsin','U.S. Virgin Islands',58495,750),(389,'Sola','Peekskill','New Mexico','Uganda',28984,751),(525,'Bob Kaufman','Grove City','Nebraska','Senegal',89845,752),(433,'Goethe','Camden','Iowa','Tuvalu',42764,753),(1108,'Emerald','Manassas','North Dakota','Guatemala',78144,754),(546,'Garnett','Cutler Bay','Arkansas','Suriname',23459,755),(149,'Oloran','Mattoon','Georgia','Liberia',69483,756),(596,'Keppler','Cottonwood Heights','Georgia','Andorra',7279,757),(1120,'Escolta','Wilkinsburg','Washington','Ireland',47939,758),(924,'Ramsell','Sandusky','Arkansas','St. Martin',76067,759),(1285,'Del Vale','Gallup','Iowa','Madagascar',29995,760),(26,'Woolsey','Miami Beach','Massachusetts','Solomon Islands',36666,761),(1251,'Gladeview','Normal','Florida','Swaziland',82326,762),(1312,'Stern Grove','Northfield','Washington','Namibia',79868,763),(360,'La Bica','Olathe','New York','Curaçao',24747,764),(354,'Thor','Fairbanks','Colorado','Guinea',27189,765),(1392,'Eaton','Sedalia','Indiana','Bolivia',80488,766),(1359,'Lilac','Puyallup','Kansas','Bahrain',30906,767),(1316,'Central Magazine','Waukegan','South Carolina','Australia',49290,768),(1347,'Dwight','Elizabeth','Missouri','Myanmar',71503,769),(705,'Varela','Skokie','Maryland','French Guiana',817,770),(264,'Everson','Fond du Lac','New Jersey','Sint Maarten',93078,771),(565,'Keith','Los Altos','Arkansas','Benin',81262,772),(45,'Bank','Laguna Hills','Maine','Suriname',8589,773),(739,'Brumiss','Inglewood','Pennsylvania','United Kingdom',77995,774),(797,'Kramer','St. Marys','South Carolina','Ascension Island',61753,775),(674,'San Miguel','Machesney Park','Wyoming','Fiji',45009,776),(463,'Phelan','Melbourne','North Carolina','Kiribati',44723,777),(1067,'Pinehurst','Lynbrook','Missouri','Cook Islands',93874,778),(199,'Gabilan','Rahway','New York','Isle of Man',73807,779),(159,'Montalvo','Golden Valley','Texas','Pitcairn Islands',33190,780),(1063,'Cervantes','Dana Point','Rhode Island','Croatia',92829,781),(792,'Montecito','League City','Michigan','Uzbekistan',81344,782),(1331,'Gold Mine','Westlake','Maine','Anguilla',84035,783),(1236,'Neptune','Schenectady','Kansas','Central African Republic',67737,784),(971,'Sternberg','Blaine','Idaho','Réunion',83959,785),(52,'Ruth','Murray','Illinois','Macedonia',22741,786),(883,'Seal Rock','New Berlin','Colorado','Turks & Caicos Islands',1634,787),(400,'Wallace','Galt','Colorado','U.S. Outlying Islands',66234,788),(671,'Linda','Martinez','Wyoming','Cuba',24871,789),(770,'Kennedy','Washington','Rhode Island','Niue',32847,790),(837,'Geary','New Haven','Pennsylvania','Comoros',80807,791),(316,'Mabini','Wichita','Massachusetts','Luxembourg',36089,792),(1208,'Terry A Francois','Universal City','Colorado','Netherlands',21385,793),(1381,'Davidson','Edmond','New Mexico','Sint Maarten',87495,794),(613,'Ingerson','Mountain Brook','Wisconsin','Mauritius',55116,795),(1372,'Seawell','Eden Prairie','Maine','Western Sahara',18936,796),(935,'Lily','Lumberton','Maryland','Greenland',41000,797),(403,'Avalon','Mountain View','Rhode Island','Taiwan',23481,798),(1390,'Belvedere','Melbourne','Kentucky','Cape Verde',26181,799),(786,'Service','Simpsonville','California','South Africa',43680,800),(250,'Rayburn','New Albany','Nevada','Venezuela',32291,801),(102,'Tomaso','Grand Island','Utah','Namibia',16883,802),(412,'Pelton','Draper','Mississippi','Nauru',78237,803),(459,'Burns','Crest Hill','South Carolina','Macau SAR China',84245,804),(1178,'Brown','Marshalltown','Massachusetts','Malaysia',77713,805),(802,'Stanley','Andover','Hawaii','Marshall Islands',41910,806),(693,'Panama','Springfield','Texas','Chad',86305,807),(1172,'Ramsell','Winter Haven','North Carolina','Svalbard & Jan Mayen',65929,808),(998,'Sabin','Bakersfield','Mississippi','Kuwait',46486,809),(630,'Crystal','Berkeley','Mississippi','Gibraltar',85621,810),(312,'Romolo','Overland Park','Indiana','Tanzania',43072,811),(582,'Selby','Albuquerque','Oregon','Rwanda',58825,812),(749,'Muir','Newton','New York','Germany',13699,813),(7,'Dixie','St. Peters','Massachusetts','Botswana',35895,814),(119,'Circular','Buffalo Grove','Virginia','Åland Islands',22523,815),(979,'White','Rancho Mirage','Nebraska','United Arab Emirates',20603,816),(309,'Robinhood','Ramsey','Montana','Guinea-Bissau',89102,817),(726,'Dolores','Stanton','Kentucky','Canada',43748,818),(769,'Pacific','Newport Beach','Alaska','Côte d’Ivoire',80002,819),(878,'Bayside Village','Donna','Iowa','Mexico',16372,820),(1247,'Melra','Riverside','Massachusetts','U.S. Virgin Islands',8170,821),(158,'Adam','Crystal','Idaho','Niger',82834,822),(575,'Sickles','Savannah','Massachusetts','Burundi',32553,823),(172,'Mendosa','San Benito','California','Northern Mariana Islands',85157,824),(252,'Grant','Fort Walton Beach','Florida','Fiji',67054,825),(1153,'Surrey','Yuba City','Oklahoma','Colombia',33505,826),(467,'Pope','Edinburg','Oregon','St. Kitts & Nevis',43354,827),(104,'Calgary','Yukon','Illinois','Somalia',65283,828),(1255,'Goleta','Coronado','Maryland','Ascension Island',16859,829),(1080,'Raycliff','Bentonville','Louisiana','São Tomé & Príncipe',42151,830),(934,'Dirk Dirksen','Southaven','South Carolina','Madagascar',19455,831),(703,'Arbol','Fontana','Kentucky','Diego Garcia',45360,832),(508,'Compton','Wisconsin Rapids','Maine','Antigua & Barbuda',20409,833),(538,'Apparel','Twin Falls','New Mexico','Kosovo',14241,834),(599,'Terra Vista','Laguna Hills','Colorado','Cocos',19104,835),(682,'Bocana','Cliffside Park','Maine','Barbados',73381,836),(1352,'Waterville','Lauderdale Lakes','Missouri','Mauritius',68655,837),(668,'Sunrise','Melbourne','Connecticut','Swaziland',39223,838),(1361,'Spreckels Lake','Newberg','Wyoming','Djibouti',68094,839),(1297,'Ash','North Platte','Minnesota','Israel',10147,840),(379,'Cloud','Jackson','Pennsylvania','Russia',86524,841),(1000,'Madison','Vernon Hills','North Carolina','Greece',29857,842),(495,'Bitting','Stevens Point','New York','Andorra',33665,843),(577,'Mountview','Pottstown','Georgia','Bosnia & Herzegovina',63603,844),(268,'Second','Lake Jackson','Virginia','South Korea',36452,845),(102,'Ina','Roanoke Rapids','Alaska','Samoa',44900,846),(561,'Dorman','White Bear Lake','Rhode Island','Trinidad & Tobago',44830,847),(10,'Josepha','Emporia','Illinois','Nepal',35898,848),(431,'Cunningham','Bellingham','Wisconsin','Iran',82845,849),(1067,'Claremont','Mequon','Kansas','Luxembourg',42924,850),(101,'Clarence','Paragould','South Dakota','Luxembourg',68473,851),(1149,'Sibert','Aberdeen','Oklahoma','Morocco',65520,852),(584,'Dawson','Raytown','Iowa','Northern Mariana Islands',185,853),(673,'Cutler','Springfield','Nevada','Cocos',30267,854),(1341,'Dow','South Euclid','Alaska','Nepal',45409,855),(591,'Osceola','Brentwood','Arkansas','Turks & Caicos Islands',93988,856),(985,'Persia','Enterprise','Kentucky','Colombia',22741,857),(913,'Marcy','San Juan','California','Guinea-Bissau',5355,858),(515,'Brotherhood','Gulfport','Wyoming','Hong Kong SAR China',64479,859),(1356,'Wright','Augusta','Arkansas','Comoros',63995,860),(940,'Greenough','Richardson','Arkansas','Algeria',79392,861),(697,'Santa Rita','Nashville','Maine','Bulgaria',49511,862),(209,'Amatista','Sahuarita','Oregon','Colombia',65922,863),(529,'Wanda','McMinnville','Maine','Guyana',64829,864),(1230,'Revello','Ponca City','Arkansas','Russia',24028,865),(818,'Meda','Hopkinsville','Rhode Island','Liberia',38811,866),(239,'Oakhurst','Leesburg','Wyoming','Vanuatu',40050,867),(22,'Card','Yorkville','Maryland','Turkmenistan',29837,868),(1160,'Blackstone','Avon Lake','Kentucky','Montserrat',66794,869),(206,'Drake','Laramie','Kentucky','Kazakhstan',70259,870),(196,'Whitecliff','Americus','Oregon','Falkland Islands',57503,871),(290,'Pixley','Danbury','Alabama','Angola',17724,872),(648,'Nevada','Pocatello','New Jersey','Guinea',3776,873),(359,'Dellbrook','Rutland','Oregon','Namibia',27107,874),(1090,'Mcallister','Chico','Utah','Malaysia',4866,875),(68,'Barry','Bremerton','Georgia','Philippines',95670,876),(1095,'Shotwell','Victoria','Montana','Iraq',15146,877),(1083,'Alhambra','Rexburg','New Jersey','St. Helena',79046,878),(790,'Simonds','Wichita Falls','Rhode Island','Seychelles',44439,879),(283,'Mullen','Norfolk','Oregon','Cook Islands',13985,880),(57,'Montalvo','Cedar City','New Hampshire','Guyana',29206,881),(120,'Hancock','Northampton','Texas','Botswana',48364,882),(289,'Garnett','Longview','Maine','Egypt',34326,883),(1094,'Hemlock','Fairborn','New Hampshire','San Marino',1343,884),(142,'Olympic Country Club','Parkland','Nevada','Germany',12238,885),(734,'Lakeview','Palm Coast','West Virginia','Slovenia',35137,886),(395,'Flounder','Everett','Alabama','Faroe Islands',30548,887),(1154,'Chapman','Brunswick','West Virginia','Pakistan',7268,888),(55,'Humboldt','Kankakee','South Dakota','Uzbekistan',82391,889),(964,'Butte','Springboro','Kentucky','Panama',37881,890),(123,'Pasadena','Carlisle','Utah','Brunei',13459,891),(1096,'Oxford','Mount Prospect','Maine','Paraguay',72769,892),(746,'Quane','Minot','Arizona','Rwanda',45188,893),(373,'Concourse','Westmont','Maryland','Tonga',83604,894),(975,'Sibert','Ashland','Washington','Philippines',46121,895),(1231,'Gene Friend','East Orange','Iowa','France',37292,896),(1268,'Hobart','Port Orange','Washington','Cyprus',50026,897),(258,'Jade','The Colony','Maryland','Jersey',63784,898),(1059,'Greenwood','Des Moines','Pennsylvania','Morocco',68906,899),(1118,'Lick','Warrensburg','Idaho','Germany',50499,900),(304,'Davenport','Westerville','Mississippi','Antarctica',2405,901),(7,'Elim','Eden Prairie','California','Bolivia',52536,902),(688,'Continuum','Lauderhill','Utah','Mauritius',62502,903),(528,'Bret Harte','Draper','Mississippi','Cook Islands',11188,904),(243,'Judah','Leavenworth','Iowa','Brazil',37882,905),(1136,'Mendell','Rohnert Park','Pennsylvania','South Korea',40021,906),(554,'Dewitt','Loves Park','Illinois','Kiribati',78699,907),(515,'Brighton','Temple Terrace','Nevada','South Sudan',44503,908),(965,'Parkridge','Paramount','Iowa','Lithuania',95574,909),(53,'Sycamore','St. Clair Shores','Indiana','Macau SAR China',27566,910),(701,'Whitfield','Fort Lee','Oklahoma','Ghana',17496,911),(607,'Ashwood','Janesville','Alabama','Cayman Islands',34515,912),(781,'George','Norwalk','Kansas','Belarus',88041,913),(545,'Douglass','Fredericksburg','Florida','Turkmenistan',46809,914),(720,'High','Huntley','Ohio','Ukraine',88637,915),(260,'Montcalm','Arcadia','Montana','Christmas Island',45346,916),(1357,'Gorham','Benicia','Virginia','Suriname',49497,917),(716,'Marietta','Syracuse','Maine','Estonia',82276,918),(910,'Trader Vic','Allen Park','Louisiana','Venezuela',20674,919),(851,'Wanda','Commerce City','New Jersey','Macedonia',34529,920),(771,'Angelos','Chula Vista','Florida','Nauru',91734,921),(1132,'Bay View','Terrell','California','Syria',38814,922),(454,'Knockash','Asbury Park','Idaho','India',26090,923),(385,'Laura','Kearny','Montana','St. Kitts & Nevis',85564,924),(946,'Shafter','Rogers','Maryland','Israel',77893,925),(1283,'Shaw','Arvada','Missouri','Cyprus',19937,926),(936,'Berry Extension','Patterson','Arizona','South Georgia & South Sandwich Islands',83694,927),(1180,'Felix','Shelby','Virginia','Sudan',28502,928),(1298,'Jamestown','Biloxi','Idaho','Belarus',46100,929),(161,'Yosemite','Napa','California','Kosovo',12943,930),(958,'Mccormick','Marshall','Michigan','Vatican City',26513,931),(1002,'Willard','High Point','Pennsylvania','Dominican Republic',91032,932),(457,'Fuente','Sioux Falls','Rhode Island','São Tomé & Príncipe',60156,933),(731,'Pennington','Bourbonnais','Louisiana','Madagascar',57910,934),(517,'Hunt','Pasadena','Missouri','Nepal',83880,935),(760,'Romolo','Glendora','New York','Vatican City',73108,936),(596,'Monte Vista','Zanesville','Nevada','Sierra Leone',53816,937),(215,'Cityview','San Juan','Kentucky','Latvia',31742,938),(201,'Selby','Dover','Maine','Puerto Rico',48342,939),(347,'Lydia','North Ridgeville','Idaho','Solomon Islands',76388,940),(25,'Beaver','Campbell','Alabama','Kuwait',85927,941),(221,'Presidio','Edmonds','Nebraska','Jersey',91222,942),(1318,'Bonnie Brae','St. George','Maine','British Indian Ocean Territory',40416,943),(967,'Oxford','Kent','Montana','Bosnia & Herzegovina',40674,944),(172,'Conkling','Plano','Nevada','Netherlands',92636,945),(1202,'Avenue H','Taylor','Pennsylvania','Slovenia',68008,946),(1118,'Bret Harte','Murray','New Mexico','Yemen',3092,947),(1198,'Divisadero','Lynnwood','Vermont','Germany',88612,948),(1271,'Red Leaf','Greenacres','Montana','Tunisia',57407,949);
/*!40000 ALTER TABLE `addressinfo` ENABLE KEYS */;
UNLOCK TABLES;

--
-- Table structure for table `dailyactivity`
--

DROP TABLE IF EXISTS `dailyactivity`;
/*!40101 SET @saved_cs_client     = @@character_set_client */;
/*!50503 SET character_set_client = utf8mb4 */;
CREATE TABLE `dailyactivity` (
  `Id` bigint DEFAULT NULL,
  `ActivityDate` text,
  `TotalSteps` int DEFAULT NULL,
  `TotalDistance` double DEFAULT NULL,
  `Calories` int DEFAULT NULL,
  `ActiveTimeId` int DEFAULT NULL,
  `ActiveDistanceId` int DEFAULT NULL,
  `SleepId` int DEFAULT NULL
) ENGINE=InnoDB DEFAULT CHARSET=utf8mb4 COLLATE=utf8mb4_0900_ai_ci;
/*!40101 SET character_set_client = @saved_cs_client */;

--
-- Dumping data for table `dailyactivity`
--

LOCK TABLES `dailyactivity` WRITE;
/*!40000 ALTER TABLE `dailyactivity` DISABLE KEYS */;
INSERT INTO `dailyactivity` VALUES (1503960366,'4/12/2016',13162,8.5,1985,101,201,301),(1503960366,'4/13/2016',10735,6.96999979,1797,102,202,302),(1503960366,'4/14/2016',10460,6.739999771,1776,103,203,303),(1503960366,'4/15/2016',9762,6.28000021,1745,104,204,304),(1503960366,'4/16/2016',12669,8.159999847,1863,105,205,305),(1503960366,'4/17/2016',9705,6.480000019,1728,106,206,306),(1503960366,'4/18/2016',13019,8.590000153,1921,107,207,307),(1503960366,'4/19/2016',15506,9.880000114,2035,108,208,308),(1503960366,'4/20/2016',10544,6.679999828,1786,109,209,309),(1503960366,'4/21/2016',9819,6.340000153,1775,110,210,310),(1503960366,'4/22/2016',12764,8.130000114,1827,111,211,311),(1503960366,'4/23/2016',14371,9.039999962,1949,112,212,312),(1503960366,'4/24/2016',10039,6.409999847,1788,113,213,313),(1503960366,'4/25/2016',15355,9.800000191,2013,114,214,314),(1503960366,'4/26/2016',13755,8.789999962,1970,115,215,315),(1503960366,'4/27/2016',18134,12.21000004,2159,116,216,316),(1503960366,'4/28/2016',13154,8.529999733,1898,117,217,317),(1503960366,'4/29/2016',11181,7.150000095,1837,118,218,318),(1503960366,'4/30/2016',14673,9.25,1947,119,219,319),(1503960366,'5/1/2016',10602,6.809999943,1820,120,220,320),(1503960366,'5/2/2016',14727,9.710000038,2004,121,221,321),(1503960366,'5/3/2016',15103,9.659999847,1990,122,222,322),(1503960366,'5/4/2016',11100,7.150000095,1819,123,223,323),(1503960366,'5/5/2016',14070,8.899999619,1959,124,224,324),(1503960366,'5/6/2016',12159,8.029999733,1896,125,225,325),(1503960366,'5/7/2016',11992,7.710000038,1821,126,226,326),(1503960366,'5/8/2016',10060,6.579999924,1740,127,227,327),(1503960366,'5/9/2016',12022,7.71999979,1819,128,228,328),(1503960366,'5/10/2016',12207,7.769999981,1859,129,229,329),(1503960366,'5/11/2016',12770,8.130000114,1783,130,230,330),(1503960366,'5/12/2016',0,0,0,131,231,331),(1624580081,'4/12/2016',8163,5.309999943,1432,132,232,332),(1624580081,'4/13/2016',7007,4.550000191,1411,133,233,333),(1624580081,'4/14/2016',9107,5.920000076,1572,134,234,334),(1624580081,'4/15/2016',1510,0.980000019,1344,135,235,335),(1624580081,'4/16/2016',5370,3.49000001,1463,136,236,336),(1624580081,'4/17/2016',6175,4.059999943,1554,137,237,337),(1624580081,'4/18/2016',10536,7.409999847,1604,138,238,338),(1624580081,'4/19/2016',2916,1.899999976,1435,139,239,339),(1624580081,'4/20/2016',4974,3.230000019,1446,140,240,340),(1624580081,'4/21/2016',6349,4.130000114,1467,141,241,341),(1624580081,'4/22/2016',4026,2.619999886,1470,142,242,342),(1624580081,'4/23/2016',8538,5.550000191,1562,143,243,343),(1624580081,'4/24/2016',6076,3.950000048,1617,144,244,344),(1624580081,'4/25/2016',6497,4.21999979,1492,145,245,345),(1624580081,'4/26/2016',2826,1.840000033,1402,146,246,346),(1624580081,'4/27/2016',8367,5.440000057,1670,147,247,347),(1624580081,'4/28/2016',2759,1.789999962,1401,148,248,348),(1624580081,'4/29/2016',2390,1.549999952,1404,149,249,349),(1624580081,'4/30/2016',6474,4.300000191,1655,150,250,350),(1624580081,'5/1/2016',36019,28.03000069,2690,151,251,351),(1624580081,'5/2/2016',7155,4.929999828,1497,152,252,352),(1624580081,'5/3/2016',2100,1.370000005,1334,153,253,353),(1624580081,'5/4/2016',2193,1.429999948,1368,154,254,354),(1624580081,'5/5/2016',2470,1.610000014,1370,155,255,355),(1624580081,'5/6/2016',1727,1.120000005,1341,156,256,356),(1624580081,'5/7/2016',2104,1.370000005,1474,157,257,357),(1624580081,'5/8/2016',3427,2.230000019,1427,158,258,358),(1624580081,'5/9/2016',1732,1.129999995,1328,159,259,359),(1624580081,'5/10/2016',2969,1.929999948,1393,160,260,360),(1624580081,'5/11/2016',3134,2.039999962,1359,161,261,361),(1624580081,'5/12/2016',2971,1.929999948,1002,162,262,362),(1644430081,'4/12/2016',10694,7.769999981,3199,163,263,363),(1644430081,'4/13/2016',8001,5.820000172,2902,164,264,364),(1644430081,'4/14/2016',11037,8.020000458,3226,165,265,365),(1644430081,'4/15/2016',5263,3.829999924,2750,166,266,366),(1644430081,'4/16/2016',15300,11.11999989,3493,167,267,367),(1644430081,'4/17/2016',8757,6.369999886,3011,168,268,368),(1644430081,'4/18/2016',7132,5.190000057,2806,169,269,369),(1644430081,'4/19/2016',11256,8.180000305,3300,170,270,370),(1644430081,'4/20/2016',2436,1.769999981,2430,171,271,371),(1644430081,'4/21/2016',1223,0.889999986,2140,172,272,372),(1644430081,'4/22/2016',3673,2.670000076,2344,173,273,373),(1644430081,'4/23/2016',6637,4.829999924,2677,174,274,374),(1644430081,'4/24/2016',3321,2.410000086,2413,175,275,375),(1644430081,'4/25/2016',3580,2.599999905,2497,176,276,376),(1644430081,'4/26/2016',9919,7.210000038,3123,177,277,377),(1644430081,'4/27/2016',3032,2.200000048,2489,178,278,378),(1644430081,'4/28/2016',9405,6.840000153,3108,179,279,379),(1644430081,'4/29/2016',3176,2.309999943,2498,180,280,380),(1644430081,'4/30/2016',18213,13.23999977,3846,181,281,381),(1644430081,'5/1/2016',6132,4.460000038,2696,182,282,382),(1644430081,'5/2/2016',3758,2.730000019,2580,183,283,383),(1644430081,'5/3/2016',12850,9.340000153,3324,184,284,384),(1644430081,'5/4/2016',2309,1.679999948,2222,185,285,385),(1644430081,'5/5/2016',4363,3.190000057,2463,186,286,386),(1644430081,'5/6/2016',9787,7.119999886,3328,187,287,387),(1644430081,'5/7/2016',13372,9.720000267,3404,188,288,388),(1644430081,'5/8/2016',6724,4.889999866,2987,189,289,389),(1644430081,'5/9/2016',6643,4.829999924,3008,190,290,390),(1644430081,'5/10/2016',9167,6.659999847,2799,191,291,391),(1644430081,'5/11/2016',1329,0.970000029,1276,192,292,392),(1844505072,'4/12/2016',6697,4.429999828,2030,193,293,393),(1844505072,'4/13/2016',4929,3.25999999,1860,194,294,394),(1844505072,'4/14/2016',7937,5.25,2130,195,295,395),(1844505072,'4/15/2016',3844,2.539999962,1725,196,296,396),(1844505072,'4/16/2016',3414,2.25999999,1657,197,297,397),(1844505072,'4/17/2016',4525,2.99000001,1793,198,298,398),(1844505072,'4/18/2016',4597,3.039999962,1814,199,299,399),(1844505072,'4/19/2016',197,0.129999995,1366,200,300,400),(1844505072,'4/20/2016',8,0.01,1349,201,301,401),(1844505072,'4/21/2016',8054,5.320000172,2062,202,302,402),(1844505072,'4/22/2016',5372,3.549999952,1827,203,303,403),(1844505072,'4/23/2016',3570,2.359999895,1645,204,304,404),(1844505072,'4/24/2016',0,0,1347,205,305,405),(1844505072,'4/25/2016',0,0,1347,206,306,406),(1844505072,'4/26/2016',0,0,1347,207,307,407),(1844505072,'4/27/2016',4,0,1348,208,308,408),(1844505072,'4/28/2016',6907,4.570000172,1992,209,309,409),(1844505072,'4/29/2016',4920,3.25,1856,210,310,410),(1844505072,'4/30/2016',4014,2.670000076,1763,211,311,411),(1844505072,'5/1/2016',2573,1.700000048,1541,212,312,412),(1844505072,'5/2/2016',0,0,1348,213,313,413),(1844505072,'5/3/2016',4059,2.680000067,1742,214,314,414),(1844505072,'5/4/2016',2080,1.370000005,1549,215,315,415),(1844505072,'5/5/2016',2237,1.480000019,1589,216,316,416),(1844505072,'5/6/2016',44,0.029999999,1351,217,317,417),(1844505072,'5/7/2016',0,0,1347,218,318,418),(1844505072,'5/8/2016',0,0,1347,219,319,419),(1844505072,'5/9/2016',0,0,1347,220,320,420),(1844505072,'5/10/2016',0,0,1347,221,321,421),(1844505072,'5/11/2016',0,0,1347,222,322,422),(1844505072,'5/12/2016',0,0,665,223,323,423),(1927972279,'4/12/2016',678,0.469999999,2220,224,324,424),(1927972279,'4/13/2016',356,0.25,2151,225,325,425),(1927972279,'4/14/2016',2163,1.5,2383,226,326,426),(1927972279,'4/15/2016',980,0.680000007,2221,227,327,427),(1927972279,'4/16/2016',0,0,2064,228,328,428),(1927972279,'4/17/2016',0,0,2063,229,329,429),(1927972279,'4/18/2016',244,0.170000002,2111,230,330,430),(1927972279,'4/19/2016',0,0,2063,231,331,431),(1927972279,'4/20/2016',0,0,2063,232,332,432),(1927972279,'4/21/2016',0,0,2064,233,333,433),(1927972279,'4/22/2016',149,0.100000001,2093,234,334,434),(1927972279,'4/23/2016',2945,2.039999962,2499,235,335,435),(1927972279,'4/24/2016',2090,1.450000048,2324,236,336,436),(1927972279,'4/25/2016',152,0.109999999,2100,237,337,437),(1927972279,'4/26/2016',3761,2.599999905,2638,238,338,438),(1927972279,'4/27/2016',0,0,2063,239,339,439),(1927972279,'4/28/2016',1675,1.159999967,2351,240,340,440),(1927972279,'4/29/2016',0,0,2063,241,341,441),(1927972279,'4/30/2016',0,0,2064,242,342,442),(1927972279,'5/1/2016',2704,1.870000005,2411,243,343,443),(1927972279,'5/2/2016',3790,2.619999886,2505,244,344,444),(1927972279,'5/3/2016',1326,0.920000017,2195,245,345,445),(1927972279,'5/4/2016',1786,1.24000001,2338,246,346,446),(1927972279,'5/5/2016',0,0,2063,247,347,447),(1927972279,'5/6/2016',2091,1.450000048,2383,248,348,448),(1927972279,'5/7/2016',1510,1.039999962,2229,249,349,449),(1927972279,'5/8/2016',0,0,2063,250,350,450),(1927972279,'5/9/2016',0,0,2063,251,351,451),(1927972279,'5/10/2016',0,0,2063,252,352,452),(1927972279,'5/11/2016',0,0,2063,253,353,453),(1927972279,'5/12/2016',0,0,1383,254,354,454),(2022484408,'4/12/2016',11875,8.340000153,2390,255,355,455),(2022484408,'4/13/2016',12024,8.5,2601,256,356,456),(2022484408,'4/14/2016',10690,7.5,2312,257,357,457),(2022484408,'4/15/2016',11034,8.029999733,2525,258,358,458),(2022484408,'4/16/2016',10100,7.090000153,2177,259,359,459),(2022484408,'4/17/2016',15112,11.39999962,2782,260,360,460),(2022484408,'4/18/2016',14131,10.06999969,2770,261,361,461),(2022484408,'4/19/2016',11548,8.529999733,2489,262,362,462),(2022484408,'4/20/2016',15112,10.67000008,2897,263,363,463),(2022484408,'4/21/2016',12453,8.739999771,3158,264,364,464),(2022484408,'4/22/2016',12954,9.329999924,2638,265,365,465),(2022484408,'4/23/2016',6001,4.210000038,2069,266,366,466),(2022484408,'4/24/2016',13481,10.27999973,2529,267,367,467),(2022484408,'4/25/2016',11369,8.010000229,2470,268,368,468),(2022484408,'4/26/2016',10119,7.190000057,2793,269,369,469),(2022484408,'4/27/2016',10159,7.130000114,2463,270,370,470),(2022484408,'4/28/2016',10140,7.119999886,2296,271,371,471),(2022484408,'4/29/2016',10245,7.190000057,2611,272,372,472),(2022484408,'4/30/2016',18387,12.90999985,2732,273,373,473),(2022484408,'5/1/2016',10538,7.400000095,2380,274,374,474),(2022484408,'5/2/2016',10379,7.289999962,2473,275,375,475),(2022484408,'5/3/2016',12183,8.739999771,2752,276,376,476),(2022484408,'5/4/2016',11768,8.289999962,2649,277,377,477),(2022484408,'5/5/2016',11895,8.350000381,2609,278,378,478),(2022484408,'5/6/2016',10227,7.179999828,2498,279,379,479),(2022484408,'5/7/2016',6708,4.710000038,1995,280,380,480),(2022484408,'5/8/2016',3292,2.309999943,1848,281,381,481),(2022484408,'5/9/2016',13379,9.390000343,2709,282,382,482),(2022484408,'5/10/2016',12798,8.979999542,2797,283,383,483),(2022484408,'5/11/2016',13272,9.319999695,2544,284,384,484),(2022484408,'5/12/2016',9117,6.409999847,1853,285,385,485),(2026352035,'4/12/2016',4414,2.74000001,1459,286,386,486),(2026352035,'4/13/2016',4993,3.099999905,1521,287,387,487),(2026352035,'4/14/2016',3335,2.069999933,1431,288,388,488),(2026352035,'4/15/2016',3821,2.369999886,1444,289,389,489),(2026352035,'4/16/2016',2547,1.580000043,1373,290,390,490),(2026352035,'4/17/2016',838,0.519999981,1214,291,391,491),(2026352035,'4/18/2016',3325,2.059999943,1419,292,392,492),(2026352035,'4/19/2016',2424,1.5,1356,293,393,493),(2026352035,'4/20/2016',7222,4.480000019,1667,294,394,494),(2026352035,'4/21/2016',2467,1.529999971,1370,295,395,495),(2026352035,'4/22/2016',2915,1.809999943,1399,296,396,496),(2026352035,'4/23/2016',12357,7.710000038,1916,297,397,497),(2026352035,'4/24/2016',3490,2.160000086,1401,298,398,498),(2026352035,'4/25/2016',6017,3.730000019,1576,299,399,499),(2026352035,'4/26/2016',5933,3.680000067,1595,300,400,500),(2026352035,'4/27/2016',6088,3.769999981,1593,301,401,501),(2026352035,'4/28/2016',6375,3.950000048,1649,302,402,502),(2026352035,'4/29/2016',7604,4.710000038,1692,303,403,503),(2026352035,'4/30/2016',4729,2.930000067,1506,304,404,504),(2026352035,'5/1/2016',3609,2.279999971,1447,305,405,505),(2026352035,'5/2/2016',7018,4.349999905,1690,306,406,506),(2026352035,'5/3/2016',5992,3.720000029,1604,307,407,507),(2026352035,'5/4/2016',6564,4.070000172,1658,308,408,508),(2026352035,'5/5/2016',12167,7.539999962,1926,309,409,509),(2026352035,'5/6/2016',8198,5.079999924,1736,310,410,510),(2026352035,'5/7/2016',4193,2.599999905,1491,311,411,511),(2026352035,'5/8/2016',5528,3.450000048,1555,312,412,512),(2026352035,'5/9/2016',10685,6.619999886,1869,313,413,513),(2026352035,'5/10/2016',254,0.159999996,1141,314,414,514),(2026352035,'5/11/2016',8580,5.320000172,1698,315,415,515),(2026352035,'5/12/2016',8891,5.510000229,1364,316,416,516),(2320127002,'4/12/2016',10725,7.489999771,2124,317,417,517),(2320127002,'4/13/2016',7275,4.900000095,2003,318,418,518),(2320127002,'4/14/2016',3973,2.680000067,1696,319,419,519),(2320127002,'4/15/2016',5205,3.50999999,1801,320,420,520),(2320127002,'4/16/2016',5057,3.410000086,1724,321,421,521),(2320127002,'4/17/2016',6198,4.179999828,1852,322,422,522),(2320127002,'4/18/2016',6559,4.420000076,1905,323,423,523),(2320127002,'4/19/2016',5997,4.039999962,1811,324,424,524),(2320127002,'4/20/2016',7192,4.849999905,1922,325,425,525),(2320127002,'4/21/2016',3404,2.289999962,1610,326,426,526),(2320127002,'4/22/2016',5583,3.75999999,1851,327,427,527),(2320127002,'4/23/2016',5079,3.420000076,1804,328,428,528),(2320127002,'4/24/2016',4165,2.809999943,1725,329,429,529),(2320127002,'4/25/2016',3588,2.420000076,1654,330,430,530),(2320127002,'4/26/2016',3409,2.299999952,1632,331,431,531),(2320127002,'4/27/2016',1715,1.159999967,1481,332,432,532),(2320127002,'4/28/2016',1532,1.029999971,1473,333,433,533),(2320127002,'4/29/2016',924,0.620000005,1410,334,434,534),(2320127002,'4/30/2016',4571,3.079999924,1779,335,435,535),(2320127002,'5/1/2016',772,0.519999981,1403,336,436,536),(2320127002,'5/2/2016',3634,2.450000048,1613,337,437,537),(2320127002,'5/3/2016',7443,5.019999981,1878,338,438,538),(2320127002,'5/4/2016',1201,0.810000002,1426,339,439,539),(2320127002,'5/5/2016',5202,3.50999999,1780,340,440,540),(2320127002,'5/6/2016',4878,3.289999962,1742,341,441,541),(2320127002,'5/7/2016',7379,4.96999979,1972,342,442,542),(2320127002,'5/8/2016',5161,3.480000019,1821,343,443,543),(2320127002,'5/9/2016',3090,2.079999924,1630,344,444,544),(2320127002,'5/10/2016',6227,4.199999809,1899,345,445,545),(2320127002,'5/11/2016',6424,4.329999924,1903,346,446,546),(2320127002,'5/12/2016',2661,1.789999962,1125,347,447,547),(2347167796,'4/12/2016',10113,6.829999924,2344,348,448,548),(2347167796,'4/13/2016',10352,7.010000229,2038,349,449,549),(2347167796,'4/14/2016',10129,6.699999809,2010,350,450,550),(2347167796,'4/15/2016',10465,6.920000076,2133,351,451,551),(2347167796,'4/16/2016',22244,15.07999992,2670,352,452,552),(2347167796,'4/17/2016',5472,3.619999886,1882,353,453,553),(2347167796,'4/18/2016',8247,5.449999809,1944,354,454,554),(2347167796,'4/19/2016',6711,4.440000057,2346,355,455,555),(2347167796,'4/20/2016',10999,7.269999981,2198,356,456,556),(2347167796,'4/21/2016',10080,6.75,2048,357,457,557),(2347167796,'4/22/2016',7804,5.159999847,1946,358,458,558),(2347167796,'4/23/2016',16901,11.36999989,2629,359,459,559),(2347167796,'4/24/2016',9471,6.260000229,2187,360,460,560),(2347167796,'4/25/2016',9482,6.380000114,2095,361,461,561),(2347167796,'4/26/2016',5980,3.950000048,1861,362,462,562),(2347167796,'4/27/2016',11423,7.579999924,2194,363,463,563),(2347167796,'4/28/2016',5439,3.599999905,1854,364,464,564),(2347167796,'4/29/2016',42,0.029999999,403,365,465,565),(2873212765,'4/12/2016',8796,5.909999847,1982,366,466,566),(2873212765,'4/13/2016',7618,5.119999886,2004,367,467,567),(2873212765,'4/14/2016',7910,5.320000172,1893,368,468,568),(2873212765,'4/15/2016',8482,5.699999809,2063,369,469,569),(2873212765,'4/16/2016',9685,6.650000095,2148,370,470,570),(2873212765,'4/17/2016',2524,1.700000048,1529,371,471,571),(2873212765,'4/18/2016',7762,5.239999771,1890,372,472,572),(2873212765,'4/19/2016',7948,5.369999886,1956,373,473,573),(2873212765,'4/20/2016',9202,6.300000191,2094,374,474,574),(2873212765,'4/21/2016',8859,5.980000019,1970,375,475,575),(2873212765,'4/22/2016',7286,4.900000095,2241,376,476,576),(2873212765,'4/23/2016',9317,6.349999905,2021,377,477,577),(2873212765,'4/24/2016',6873,4.679999828,1898,378,478,578),(2873212765,'4/25/2016',7373,4.949999809,1907,379,479,579),(2873212765,'4/26/2016',8242,5.539999962,1882,380,480,580),(2873212765,'4/27/2016',3516,2.359999895,1966,381,481,581),(2873212765,'4/28/2016',7913,5.409999847,1835,382,482,582),(2873212765,'4/29/2016',7365,4.949999809,1780,383,483,583),(2873212765,'4/30/2016',8452,5.679999828,1830,384,484,584),(2873212765,'5/1/2016',7399,4.96999979,1739,385,485,585),(2873212765,'5/2/2016',7525,5.059999943,1878,386,486,586),(2873212765,'5/3/2016',7412,4.980000019,1906,387,487,587),(2873212765,'5/4/2016',8278,5.559999943,2015,388,488,588),(2873212765,'5/5/2016',8314,5.610000134,1971,389,489,589),(2873212765,'5/6/2016',7063,4.75,1910,390,490,590),(2873212765,'5/7/2016',4940,3.380000114,1897,391,491,591),(2873212765,'5/8/2016',8168,5.539999962,2096,392,492,592),(2873212765,'5/9/2016',7726,5.190000057,1906,393,493,593),(2873212765,'5/10/2016',8275,5.559999943,1962,394,494,594),(2873212765,'5/11/2016',6440,4.329999924,1826,395,495,595),(2873212765,'5/12/2016',7566,5.110000134,1431,396,496,596),(3372868164,'4/12/2016',4747,3.24000001,1788,397,497,597),(3372868164,'4/13/2016',9715,6.630000114,2093,398,498,598),(3372868164,'4/14/2016',8844,6.03000021,2065,399,499,599),(3372868164,'4/15/2016',7451,5.079999924,1908,400,500,600),(3372868164,'4/16/2016',6905,4.730000019,1908,401,501,601),(3372868164,'4/17/2016',8199,5.880000114,1964,402,502,602),(3372868164,'4/18/2016',6798,4.639999866,2014,403,503,603),(3372868164,'4/19/2016',7711,5.260000229,1985,404,504,604),(3372868164,'4/20/2016',4880,3.329999924,1867,405,505,605),(3372868164,'4/21/2016',8857,6.070000172,2124,406,506,606),(3372868164,'4/22/2016',3843,2.619999886,1669,407,507,607),(3372868164,'4/23/2016',7396,5.070000172,1995,408,508,608),(3372868164,'4/24/2016',6731,4.590000153,1921,409,509,609),(3372868164,'4/25/2016',5995,4.090000153,2010,410,510,610),(3372868164,'4/26/2016',8283,5.789999962,2057,411,511,611),(3372868164,'4/27/2016',7904,5.420000076,2095,412,512,612),(3372868164,'4/28/2016',5512,3.75999999,1972,413,513,613),(3372868164,'4/29/2016',9135,6.230000019,2044,414,514,614),(3372868164,'4/30/2016',5250,3.579999924,1946,415,515,615),(3372868164,'5/1/2016',3077,2.099999905,1237,416,516,616),(3977333714,'4/12/2016',8856,5.980000019,1450,417,517,617),(3977333714,'4/13/2016',10035,6.710000038,1495,418,518,618),(3977333714,'4/14/2016',7641,5.110000134,1433,419,519,619),(3977333714,'4/15/2016',9010,6.059999943,1468,420,520,620),(3977333714,'4/16/2016',13459,9,1625,421,521,621),(3977333714,'4/17/2016',10415,6.96999979,1529,422,522,622),(3977333714,'4/18/2016',11663,7.800000191,1584,423,523,623),(3977333714,'4/19/2016',12414,8.779999733,1638,424,524,624),(3977333714,'4/20/2016',11658,7.829999924,1554,425,525,625),(3977333714,'4/21/2016',6093,4.079999924,1397,426,526,626),(3977333714,'4/22/2016',8911,5.960000038,1481,427,527,627),(3977333714,'4/23/2016',12058,8.069999695,1638,428,528,628),(3977333714,'4/24/2016',14112,10,1655,429,529,629),(3977333714,'4/25/2016',11177,8.479999542,1570,430,530,630),(3977333714,'4/26/2016',11388,7.619999886,1551,431,531,631),(3977333714,'4/27/2016',7193,5.039999962,1377,432,532,632),(3977333714,'4/28/2016',7114,4.880000114,1407,433,533,633),(3977333714,'4/29/2016',10645,7.75,1545,434,534,634),(3977333714,'4/30/2016',13238,9.199999809,1650,435,535,635),(3977333714,'5/1/2016',10414,7.070000172,1501,436,536,636),(3977333714,'5/2/2016',16520,11.05000019,1760,437,537,637),(3977333714,'5/3/2016',14335,9.590000153,1710,438,538,638),(3977333714,'5/4/2016',13559,9.43999958,1628,439,539,639),(3977333714,'5/5/2016',12312,8.579999924,1618,440,540,640),(3977333714,'5/6/2016',11677,8.279999733,1590,441,541,641),(3977333714,'5/7/2016',11550,7.730000019,1574,442,542,642),(3977333714,'5/8/2016',13585,9.090000153,1633,443,543,643),(3977333714,'5/9/2016',14687,10.07999992,1667,444,544,644),(3977333714,'5/10/2016',13072,8.779999733,1630,445,545,645),(3977333714,'5/11/2016',746,0.5,52,446,546,646),(4020332650,'4/12/2016',8539,6.119999886,3654,447,547,647),(4020332650,'4/13/2016',0,0,1981,448,548,648),(4020332650,'4/14/2016',108,0.079999998,2011,449,549,649),(4020332650,'4/15/2016',1882,1.350000024,2951,450,550,650),(4020332650,'4/16/2016',1982,1.419999957,3051,451,551,651),(4020332650,'4/17/2016',16,0.01,1990,452,552,652),(4020332650,'4/18/2016',62,0.039999999,1995,453,553,653),(4020332650,'4/19/2016',0,0,1980,454,554,654),(4020332650,'4/20/2016',0,0,1980,455,555,655),(4020332650,'4/21/2016',0,0,1980,456,556,656),(4020332650,'4/22/2016',0,0,1980,457,557,657),(4020332650,'4/23/2016',0,0,1980,458,558,658),(4020332650,'4/24/2016',0,0,1980,459,559,659),(4020332650,'4/25/2016',0,0,1980,460,560,660),(4020332650,'4/26/2016',0,0,1980,461,561,661),(4020332650,'4/27/2016',0,0,1980,462,562,662),(4020332650,'4/28/2016',0,0,1980,463,563,663),(4020332650,'4/29/2016',0,0,1980,464,564,664),(4020332650,'4/30/2016',0,0,1980,465,565,665),(4020332650,'5/1/2016',0,0,1980,466,566,666),(4020332650,'5/2/2016',475,0.340000004,2207,467,567,667),(4020332650,'5/3/2016',4496,3.220000029,2828,468,568,668),(4020332650,'5/4/2016',10252,7.349999905,3879,469,569,669),(4020332650,'5/5/2016',11728,8.430000305,3429,470,570,670),(4020332650,'5/6/2016',4369,3.130000114,2704,471,571,671),(4020332650,'5/7/2016',6132,4.400000095,2975,472,572,672),(4020332650,'5/8/2016',5862,4.199999809,3089,473,573,673),(4020332650,'5/9/2016',4556,3.269999981,2785,474,574,674),(4020332650,'5/10/2016',5546,3.980000019,2926,475,575,675),(4020332650,'5/11/2016',3689,2.650000095,2645,476,576,676),(4020332650,'5/12/2016',590,0.419999987,1120,477,577,677),(4057192912,'4/12/2016',5394,4.03000021,2286,478,578,678),(4057192912,'4/13/2016',5974,4.46999979,2306,479,579,679),(4057192912,'4/14/2016',0,0,1776,480,580,680),(4057192912,'4/15/2016',3984,2.950000048,1527,481,581,681),(4319703577,'4/12/2016',7753,5.199999809,2115,482,582,682),(4319703577,'4/13/2016',8204,5.5,2135,483,583,683),(4319703577,'4/14/2016',10210,6.880000114,2302,484,584,684),(4319703577,'4/15/2016',5664,3.799999952,1985,485,585,685),(4319703577,'4/16/2016',4744,3.180000067,1884,486,586,686),(4319703577,'4/17/2016',29,0.02,1464,487,587,687),(4319703577,'4/18/2016',2276,1.549999952,1632,488,588,688),(4319703577,'4/19/2016',8925,5.989999771,2200,489,589,689);
/*!40000 ALTER TABLE `dailyactivity` ENABLE KEYS */;
UNLOCK TABLES;

--
-- Table structure for table `sleeptime`
--

DROP TABLE IF EXISTS `sleeptime`;
/*!40101 SET @saved_cs_client     = @@character_set_client */;
/*!50503 SET character_set_client = utf8mb4 */;
CREATE TABLE `sleeptime` (
  `SleepId` int NOT NULL,
  `SleepDay` text,
  `TotalMinutesAsleep` int DEFAULT NULL,
  `TotalTimeInBed` int DEFAULT NULL,
  PRIMARY KEY (`SleepId`)
) ENGINE=InnoDB DEFAULT CHARSET=utf8mb4 COLLATE=utf8mb4_0900_ai_ci;
/*!40101 SET character_set_client = @saved_cs_client */;

--
-- Dumping data for table `sleeptime`
--

LOCK TABLES `sleeptime` WRITE;
/*!40000 ALTER TABLE `sleeptime` DISABLE KEYS */;
INSERT INTO `sleeptime` VALUES (301,'4/12/2016 0:00',327,346),(302,'4/13/2016 0:00',384,407),(303,'4/15/2016 0:00',412,442),(304,'4/16/2016 0:00',340,367),(305,'4/17/2016 0:00',700,712),(306,'4/19/2016 0:00',304,320),(307,'4/20/2016 0:00',360,377),(308,'4/21/2016 0:00',325,364),(309,'4/23/2016 0:00',361,384),(310,'4/24/2016 0:00',430,449),(311,'4/25/2016 0:00',277,323),(312,'4/26/2016 0:00',245,274),(313,'4/28/2016 0:00',366,393),(314,'4/29/2016 0:00',341,354),(315,'4/30/2016 0:00',404,425),(316,'5/1/2016 0:00',369,396),(317,'5/2/2016 0:00',277,309),(318,'5/3/2016 0:00',273,296),(319,'5/5/2016 0:00',247,264),(320,'5/6/2016 0:00',334,367),(321,'5/7/2016 0:00',331,349),(322,'5/8/2016 0:00',594,611),(323,'5/9/2016 0:00',338,342),(324,'5/10/2016 0:00',383,403),(325,'5/11/2016 0:00',285,306),(326,'4/29/2016 0:00',119,127),(327,'4/30/2016 0:00',124,142),(328,'5/2/2016 0:00',796,961),(329,'5/8/2016 0:00',137,154),(330,'4/15/2016 0:00',644,961),(331,'4/30/2016 0:00',722,961),(332,'5/1/2016 0:00',590,961),(333,'4/12/2016 0:00',750,775),(334,'4/13/2016 0:00',398,422),(335,'4/15/2016 0:00',475,499),(336,'4/26/2016 0:00',296,315),(337,'4/28/2016 0:00',166,178),(338,'4/12/2016 0:00',503,546),(339,'4/13/2016 0:00',531,565),(340,'4/14/2016 0:00',545,568),(341,'4/15/2016 0:00',523,573),(342,'4/16/2016 0:00',524,567),(343,'4/17/2016 0:00',437,498),(344,'4/19/2016 0:00',498,540),(345,'4/20/2016 0:00',461,510),(346,'4/21/2016 0:00',477,514),(347,'4/22/2016 0:00',520,545),(348,'4/23/2016 0:00',522,554),(349,'4/24/2016 0:00',555,591),(350,'4/25/2016 0:00',506,531),(351,'4/27/2016 0:00',508,545),(352,'4/28/2016 0:00',513,545),(353,'4/29/2016 0:00',490,510),(354,'4/30/2016 0:00',573,607),(355,'5/1/2016 0:00',527,546),(356,'5/2/2016 0:00',511,543),(357,'5/4/2016 0:00',538,560),(358,'5/5/2016 0:00',468,485),(359,'5/6/2016 0:00',524,548),(360,'5/7/2016 0:00',511,521),(361,'5/8/2016 0:00',541,568),(362,'5/9/2016 0:00',531,556),(363,'5/10/2016 0:00',357,380),(364,'5/11/2016 0:00',523,553),(365,'5/12/2016 0:00',456,485),(366,'4/23/2016 0:00',61,69),(367,'4/13/2016 0:00',467,531),(368,'4/14/2016 0:00',445,489),(369,'4/15/2016 0:00',452,504),(370,'4/17/2016 0:00',556,602),(371,'4/18/2016 0:00',500,557),(372,'4/19/2016 0:00',465,514),(373,'4/21/2016 0:00',460,484),(374,'4/22/2016 0:00',405,461),(375,'4/23/2016 0:00',374,386),(376,'4/24/2016 0:00',442,459),(377,'4/25/2016 0:00',433,471),(378,'4/26/2016 0:00',436,490),(379,'4/27/2016 0:00',448,499),(380,'4/28/2016 0:00',408,450),(381,'4/29/2016 0:00',411,473),(382,'4/12/2016 0:00',274,469),(383,'4/13/2016 0:00',295,456),(384,'4/14/2016 0:00',291,397),(385,'4/15/2016 0:00',424,556),(386,'4/16/2016 0:00',283,510),(387,'4/17/2016 0:00',381,566),(388,'4/18/2016 0:00',412,522),(389,'4/19/2016 0:00',219,395),(390,'4/20/2016 0:00',152,305),(391,'4/21/2016 0:00',332,512),(392,'4/22/2016 0:00',355,476),(393,'4/23/2016 0:00',235,372),(394,'4/24/2016 0:00',310,526),(395,'4/25/2016 0:00',262,467),(396,'4/26/2016 0:00',250,371),(397,'4/27/2016 0:00',349,540),(398,'4/28/2016 0:00',261,423),(399,'4/29/2016 0:00',333,478),(400,'4/30/2016 0:00',237,382),(401,'5/1/2016 0:00',383,626),(402,'5/2/2016 0:00',230,384),(403,'5/3/2016 0:00',292,500),(404,'5/4/2016 0:00',213,336),(405,'5/5/2016 0:00',318,480),(406,'5/6/2016 0:00',323,512),(407,'5/7/2016 0:00',237,443),(408,'5/8/2016 0:00',259,456),(409,'5/10/2016 0:00',312,452),(410,'4/12/2016 0:00',501,541),(411,'4/16/2016 0:00',77,77),(412,'5/3/2016 0:00',322,332),(413,'5/4/2016 0:00',478,536),(414,'5/5/2016 0:00',226,248),(415,'5/6/2016 0:00',385,408),(416,'5/8/2016 0:00',364,402),(417,'5/10/2016 0:00',442,494),(418,'4/14/2016 0:00',535,557),(419,'4/15/2016 0:00',465,491),(420,'4/16/2016 0:00',506,522),(421,'4/18/2016 0:00',515,551),(422,'4/19/2016 0:00',461,498),(423,'4/20/2016 0:00',523,543),(424,'4/21/2016 0:00',59,65),(425,'4/22/2016 0:00',533,550),(426,'4/23/2016 0:00',692,722),(427,'4/24/2016 0:00',467,501),(428,'4/25/2016 0:00',488,506),(429,'4/26/2016 0:00',505,516),(430,'4/27/2016 0:00',286,307),(431,'4/28/2016 0:00',497,522),(432,'4/29/2016 0:00',523,546),(433,'4/30/2016 0:00',490,516),(434,'5/1/2016 0:00',484,500),(435,'5/2/2016 0:00',478,506),(436,'5/3/2016 0:00',474,512),(437,'5/6/2016 0:00',450,491),(438,'5/7/2016 0:00',507,530),(439,'5/8/2016 0:00',602,638),(440,'5/9/2016 0:00',535,565),(441,'5/10/2016 0:00',487,517),(442,'5/11/2016 0:00',529,558),(443,'5/12/2016 0:00',302,321),(444,'4/15/2016 0:00',499,526),(445,'4/16/2016 0:00',426,448),(446,'4/17/2016 0:00',619,641),(447,'4/18/2016 0:00',99,104),(448,'4/19/2016 0:00',329,338),(449,'4/20/2016 0:00',421,451),(450,'4/21/2016 0:00',442,458),(451,'4/22/2016 0:00',82,85),(452,'4/23/2016 0:00',478,501),(453,'4/24/2016 0:00',552,595),(454,'4/26/2016 0:00',319,346),(455,'4/27/2016 0:00',439,500),(456,'4/28/2016 0:00',428,458),(457,'4/30/2016 0:00',409,430),(458,'5/1/2016 0:00',547,597),(459,'5/2/2016 0:00',368,376),(460,'5/4/2016 0:00',390,414),(461,'5/5/2016 0:00',471,495),(462,'5/5/2016 0:00',471,495),(463,'5/7/2016 0:00',472,496),(464,'5/8/2016 0:00',529,541),(465,'5/9/2016 0:00',62,65),(466,'5/10/2016 0:00',354,375),(467,'5/11/2016 0:00',469,494),(468,'4/12/2016 0:00',429,457),(469,'4/13/2016 0:00',370,406),(470,'4/14/2016 0:00',441,492),(471,'4/15/2016 0:00',337,379),(472,'4/16/2016 0:00',462,499),(473,'4/17/2016 0:00',98,107),(474,'4/19/2016 0:00',388,424),(475,'4/20/2016 0:00',439,462),(476,'4/21/2016 0:00',436,469),(477,'4/22/2016 0:00',388,417),(478,'4/25/2016 0:00',328,345),(479,'4/26/2016 0:00',353,391),(480,'4/27/2016 0:00',332,374),(481,'4/28/2016 0:00',419,442),(482,'4/29/2016 0:00',106,108),(483,'4/30/2016 0:00',322,353),(484,'5/1/2016 0:00',439,459),(485,'5/2/2016 0:00',502,542),(486,'5/3/2016 0:00',417,450),(487,'5/4/2016 0:00',337,363),(488,'5/5/2016 0:00',462,513),(489,'5/6/2016 0:00',374,402),(490,'5/7/2016 0:00',401,436),(491,'5/8/2016 0:00',361,391),(492,'5/9/2016 0:00',457,533),(493,'5/10/2016 0:00',405,426),(494,'5/11/2016 0:00',499,530),(495,'5/12/2016 0:00',483,501),(496,'4/21/2016 0:00',126,137),(497,'4/26/2016 0:00',103,121),(498,'4/29/2016 0:00',171,179),(499,'5/1/2016 0:00',115,129),(500,'5/8/2016 0:00',123,134),(501,'4/12/2016 0:00',425,439),(502,'4/13/2016 0:00',400,430),(503,'4/14/2016 0:00',384,415),(504,'4/15/2016 0:00',253,257),(505,'4/16/2016 0:00',382,406),(506,'4/17/2016 0:00',591,612),(507,'4/18/2016 0:00',293,312),(508,'4/19/2016 0:00',457,487),(509,'4/20/2016 0:00',454,468),(510,'4/21/2016 0:00',425,434),(511,'4/23/2016 0:00',465,475),(512,'4/24/2016 0:00',480,506),(513,'4/25/2016 0:00',370,380),(514,'4/26/2016 0:00',421,429),(515,'4/27/2016 0:00',432,449),(516,'4/28/2016 0:00',442,461),(517,'4/29/2016 0:00',433,447),(518,'4/30/2016 0:00',479,501),(519,'5/3/2016 0:00',327,373),(520,'5/4/2016 0:00',412,434),(521,'5/5/2016 0:00',414,428),(522,'5/6/2016 0:00',404,449),(523,'5/7/2016 0:00',520,543),(524,'5/7/2016 0:00',520,543),(525,'5/9/2016 0:00',435,458),(526,'5/10/2016 0:00',416,431),(527,'5/11/2016 0:00',354,366),(528,'5/12/2016 0:00',404,442),(529,'4/12/2016 0:00',441,464),(530,'4/13/2016 0:00',455,488),(531,'4/14/2016 0:00',357,418),(532,'4/15/2016 0:00',377,409),(533,'4/16/2016 0:00',651,686),(534,'4/17/2016 0:00',350,402),(535,'4/18/2016 0:00',520,541),(536,'4/19/2016 0:00',357,410),(537,'4/20/2016 0:00',658,678),(538,'4/21/2016 0:00',399,431),(539,'4/22/2016 0:00',322,353),(540,'4/23/2016 0:00',631,725),(541,'4/24/2016 0:00',553,640),(542,'4/25/2016 0:00',433,468),(543,'4/26/2016 0:00',412,453),(544,'4/27/2016 0:00',347,391),(545,'4/28/2016 0:00',421,457),(546,'4/29/2016 0:00',450,495),(547,'4/30/2016 0:00',775,843),(548,'5/1/2016 0:00',622,686),(549,'5/2/2016 0:00',409,471),(550,'5/3/2016 0:00',380,429),(551,'5/4/2016 0:00',447,470),(552,'5/5/2016 0:00',419,464),(553,'5/6/2016 0:00',400,434),(554,'5/7/2016 0:00',442,470),(555,'5/8/2016 0:00',568,608),(556,'5/9/2016 0:00',453,494),(557,'5/10/2016 0:00',418,443),(558,'5/11/2016 0:00',463,486),(559,'5/12/2016 0:00',438,475),(560,'4/12/2016 0:00',419,438),(561,'4/13/2016 0:00',432,458),(562,'4/14/2016 0:00',477,497),(563,'4/15/2016 0:00',392,413),(564,'4/16/2016 0:00',406,445),(565,'4/17/2016 0:00',549,583),(566,'4/18/2016 0:00',527,553),(567,'4/19/2016 0:00',449,465),(568,'4/20/2016 0:00',447,480),(569,'4/21/2016 0:00',414,437),(570,'4/22/2016 0:00',338,366),(571,'4/23/2016 0:00',384,402),(572,'4/24/2016 0:00',543,615),(573,'4/25/2016 0:00',421,461),(574,'4/26/2016 0:00',354,377),(575,'4/27/2016 0:00',424,452),(576,'4/28/2016 0:00',361,372),(577,'4/29/2016 0:00',459,485),(578,'4/30/2016 0:00',412,433),(579,'5/1/2016 0:00',379,398),(580,'5/2/2016 0:00',525,553),(581,'5/3/2016 0:00',508,543),(582,'5/4/2016 0:00',603,634),(583,'5/5/2016 0:00',74,78),(584,'5/10/2016 0:00',504,562),(585,'5/11/2016 0:00',431,476),(586,'4/16/2016 0:00',380,398),(587,'4/17/2016 0:00',336,350),(588,'4/18/2016 0:00',493,510),(589,'4/19/2016 0:00',465,492),(590,'4/20/2016 0:00',474,502),(591,'4/21/2016 0:00',508,550),(592,'4/22/2016 0:00',480,546),(593,'4/23/2016 0:00',492,539),(594,'4/24/2016 0:00',353,367),(595,'4/27/2016 0:00',542,557),(596,'4/28/2016 0:00',393,416),(597,'4/29/2016 0:00',600,636),(598,'5/1/2016 0:00',507,575),(599,'5/5/2016 0:00',392,415),(600,'5/6/2016 0:00',658,698),(601,'5/7/2016 0:00',498,507),(602,'5/8/2016 0:00',555,603),(603,'5/9/2016 0:00',492,522),(604,'4/13/2016 0:00',235,260),(605,'4/14/2016 0:00',423,441),(606,'4/15/2016 0:00',391,406),(607,'4/12/2016 0:00',366,387),(608,'4/13/2016 0:00',630,679),(609,'4/14/2016 0:00',508,535),(610,'4/15/2016 0:00',370,386),(611,'4/16/2016 0:00',357,366),(612,'4/17/2016 0:00',427,446),(613,'4/18/2016 0:00',442,458),(614,'4/19/2016 0:00',476,535),(615,'4/20/2016 0:00',418,424),(616,'4/21/2016 0:00',451,457),(617,'4/22/2016 0:00',425,435),(618,'4/23/2016 0:00',528,546),(619,'4/24/2016 0:00',511,514),(620,'4/25/2016 0:00',400,415),(621,'4/26/2016 0:00',441,446),(622,'4/27/2016 0:00',455,467),(623,'4/28/2016 0:00',440,453),(624,'4/29/2016 0:00',433,447),(625,'4/30/2016 0:00',422,424),(626,'5/1/2016 0:00',411,426),(627,'5/2/2016 0:00',466,482),(628,'5/3/2016 0:00',394,418),(629,'5/4/2016 0:00',442,455),(630,'5/5/2016 0:00',467,491),(631,'5/6/2016 0:00',443,462),(632,'5/7/2016 0:00',298,334),(633,'5/8/2016 0:00',541,569),(634,'5/9/2016 0:00',489,497),(635,'5/10/2016 0:00',469,481),(636,'5/11/2016 0:00',452,480),(637,'5/12/2016 0:00',516,535),(638,'4/16/2016 0:00',79,82),(639,'5/1/2016 0:00',58,61),(640,'4/12/2016 0:00',514,525),(641,'4/13/2016 0:00',451,465),(642,'4/14/2016 0:00',472,476),(643,'4/15/2016 0:00',377,386),(644,'4/19/2016 0:00',472,483),(645,'4/20/2016 0:00',492,502),(646,'4/21/2016 0:00',390,411),(647,'4/22/2016 0:00',428,448),(648,'4/24/2016 0:00',681,704),(649,'4/25/2016 0:00',446,447),(650,'4/26/2016 0:00',485,500),(651,'4/27/2016 0:00',469,479),(652,'4/28/2016 0:00',354,367),(653,'4/30/2016 0:00',485,489),(654,'5/1/2016 0:00',388,407),(655,'5/2/2016 0:00',440,459),(656,'5/3/2016 0:00',456,461),(657,'5/4/2016 0:00',420,436),(658,'5/6/2016 0:00',322,333),(659,'5/7/2016 0:00',530,548),(660,'5/8/2016 0:00',481,510),(661,'5/9/2016 0:00',427,438),(662,'5/11/2016 0:00',451,463),(663,'5/12/2016 0:00',444,457),(664,'4/20/2016 0:00',486,493),(665,'4/23/2016 0:00',331,337),(666,'5/7/2016 0:00',74,75),(667,'4/12/2016 0:00',338,356),(668,'4/13/2016 0:00',447,487),(669,'4/14/2016 0:00',424,455),(670,'4/15/2016 0:00',513,533),(671,'4/16/2016 0:00',611,689),(672,'4/17/2016 0:00',525,591),(673,'4/18/2016 0:00',398,451),(674,'4/19/2016 0:00',387,421),(675,'4/20/2016 0:00',381,409),(676,'4/21/2016 0:00',396,417),(677,'4/22/2016 0:00',441,469),(678,'4/23/2016 0:00',565,591),(679,'4/24/2016 0:00',458,492),(680,'4/25/2016 0:00',388,402),(681,'4/25/2016 0:00',388,402),(682,'4/26/2016 0:00',550,584),(683,'4/27/2016 0:00',531,600),(684,'4/28/2016 0:00',506,556),(685,'4/29/2016 0:00',527,562),(686,'4/30/2016 0:00',468,555),(687,'5/1/2016 0:00',475,539),(688,'5/2/2016 0:00',351,385),(689,'5/3/2016 0:00',405,429),(690,'5/4/2016 0:00',441,477),(691,'5/5/2016 0:00',381,417),(692,'5/6/2016 0:00',323,355),(693,'5/7/2016 0:00',459,513),(694,'5/8/2016 0:00',545,606),(695,'5/9/2016 0:00',359,399),(696,'5/10/2016 0:00',342,391),(697,'5/11/2016 0:00',368,387),(698,'5/12/2016 0:00',496,546),(699,'4/12/2016 0:00',458,493),(700,'4/13/2016 0:00',531,552),(701,'4/14/2016 0:00',486,503),(702,'4/15/2016 0:00',363,377),(703,'4/20/2016 0:00',528,547),(704,'4/22/2016 0:00',391,407),(705,'4/23/2016 0:00',339,360),(706,'4/27/2016 0:00',423,428),(707,'4/28/2016 0:00',402,416),(708,'4/29/2016 0:00',398,406),(709,'4/30/2016 0:00',343,360),(710,'5/1/2016 0:00',503,527),(711,'5/2/2016 0:00',415,423),(712,'5/3/2016 0:00',516,545),(713,'5/4/2016 0:00',439,463);
/*!40000 ALTER TABLE `sleeptime` ENABLE KEYS */;
UNLOCK TABLES;

--
-- Table structure for table `userdetails`
--

DROP TABLE IF EXISTS `userdetails`;
/*!40101 SET @saved_cs_client     = @@character_set_client */;
/*!50503 SET character_set_client = utf8mb4 */;
CREATE TABLE `userdetails` (
  `First Name` text,
  `Last Name` text,
  `Age` int DEFAULT NULL,
  `Gender` text,
  `Email` text,
  `Weight` int DEFAULT NULL,
  `AddressID` int DEFAULT NULL,
  `Id` bigint DEFAULT NULL
) ENGINE=InnoDB DEFAULT CHARSET=utf8mb4 COLLATE=utf8mb4_0900_ai_ci;
/*!40101 SET character_set_client = @saved_cs_client */;

--
-- Dumping data for table `userdetails`
--

LOCK TABLES `userdetails` WRITE;
/*!40000 ALTER TABLE `userdetails` DISABLE KEYS */;
INSERT INTO `userdetails` VALUES ('Alvaro','Fuller',56,'Male','headers2004@protonmail.com',44,500,1503960366),('Jay','Bruce',43,'Fluid','years1846@yandex.com',57,501,1624580081),('Latia','Bradshaw',55,'Fluid','wellness1814@yahoo.com',85,502,1644430081),('Glendora','Yates',21,'Female','lance1808@protonmail.com',78,503,1844505072),('Millard','Acosta',65,'Male','feed1809@gmail.com',83,504,1927972279),('Renato','Clark',46,'Fluid','turtle1880@live.com',50,505,2022484408),('Aleida','Walker',47,'Other','boulevard1859@live.com',54,506,2026352035),('Newton','Ward',33,'Other','specifically2046@example.org',80,507,2320127002),('Leif','Greer',48,'Other','solely2087@protonmail.com',68,508,2347167796),('Marlon','Moses',50,'Other','exception1863@outlook.com',44,509,2873212765),('Sarai','Allen',17,'Male','night1815@duck.com',41,510,3372868164),('Lesha','Bryan',38,'Female','carlo1886@example.org',71,511,3977333714),('Junita','Chen',36,'Other','conditions2087@duck.com',51,512,4020332650),('Tereasa','Albert',46,'Other','roulette1833@duck.com',40,513,4057192912),('Dewayne','Flores',58,'Other','press1967@example.org',55,514,4319703577),('Rosamaria','Kane',60,'Female','costume1807@example.com',63,515,4319703581),('Ligia','Sherman',62,'Fluid','influenced2030@outlook.com',66,516,4319703582),('Renna','Maddox',21,'Male','acquisitions1831@example.com',46,517,4319703582),('Chris','Chan',46,'Fluid','bible1908@duck.com',70,518,4319703583),('Laveta','Frederick',38,'Female','noise2028@example.com',87,519,4319703584),('Kennith','Talley',36,'Fluid','speakers1816@gmail.com',80,520,4319703585),('Quinn','Leblanc',59,'Male','associated1857@protonmail.com',59,521,4319703586),('Boris','Lyons',40,'Other','configuring2080@live.com',80,522,4319703587),('Tamica','Odom',18,'Female','agriculture1825@protonmail.com',66,523,4319703588),('Julian','Wiggins',28,'Male','sensitive2078@yahoo.com',56,524,4319703589),('Dusti','Mcfarland',62,'Fluid','debate1823@protonmail.com',85,525,4319703590),('Lang','Dunn',49,'Male','renewable2014@gmail.com',52,526,4319703591),('Grady','Rose',26,'Female','variations2045@yahoo.com',86,527,4319703592),('Tu','Snider',20,'Other','scientists1899@live.com',59,528,4319703593),('Bryon','Morton',30,'Female','till1900@gmail.com',65,529,4319703594),('Delorse','Schwartz',28,'Male','dir1917@example.com',56,530,4319703595),('Toi','Delaney',47,'Fluid','parliament1916@yandex.com',62,531,4319703596),('Sammy','Frye',56,'Fluid','between1892@example.com',77,532,4319703597),('Marilu','Lowery',55,'Female','eos1859@protonmail.com',40,533,4319703598),('Wally','Dyer',60,'Other','diverse1956@duck.com',44,534,4319703599),('Michal','Tyson',28,'Male','meant2045@duck.com',53,535,4319703600),('Vernetta','Hodges',35,'Fluid','reserved2002@gmail.com',90,536,4319703601),('Dave','Castillo',18,'Other','baptist1820@gmail.com',42,537,4319703602),('Betsey','Powell',59,'Fluid','conversation1999@live.com',39,538,4319703603),('Leif','Mckee',22,'Other','carlo2082@yahoo.com',82,539,4319703604),('Gaylord','Payne',37,'Female','highlight2071@outlook.com',77,540,4319703605),('Vanesa','Hester',60,'Male','intimate1875@live.com',48,541,4319703606),('Synthia','Norman',21,'Other','throwing2062@example.com',78,542,4319703607),('Kai','Finley',55,'Male','student2085@duck.com',87,543,4319703608),('Lamar','Hodge',63,'Male','economic1832@gmail.com',64,544,4319703609),('Roland','Shaw',52,'Male','lions2078@yahoo.com',47,545,4319703610),('Desire','Cardenas',26,'Female','broad1884@protonmail.com',43,546,4319703611),('Cris','West',43,'Male','bath1800@gmail.com',65,547,4319703612),('Gordon','Hyde',58,'Fluid','premium1852@duck.com',70,548,4319703613),('Daisey','Moran',29,'Other','announced2083@yandex.com',40,549,4319703614),('Donella','Gould',18,'Other','providence1832@gmail.com',90,550,4319703615),('Zachary','Sanchez',40,'Male','identify1941@example.com',67,551,4319703616),('Stacy','Weaver',33,'Female','minus1868@gmail.com',53,552,4319703617),('Florentino','Prince',41,'Male','crystal1922@yandex.com',60,553,4319703618),('Antione','Hess',24,'Female','rotation1868@protonmail.com',76,554,4319703619),('Jeneva','Garza',50,'Other','assumed1890@protonmail.com',88,555,4319703620),('Amberly','Kirk',65,'Other','creative2095@live.com',77,556,4319703621),('Miyoko','Walter',47,'Fluid','glasses1976@example.org',87,557,4319703622),('Jacquelyne','Sharp',18,'Male','guitar1819@gmail.com',64,558,4319703623),('Tobie','Allen',18,'Fluid','kazakhstan1910@gmail.com',51,559,4319703624),('Mauricio','Tillman',42,'Female','sep1920@outlook.com',62,560,4319703625),('Hassie','Santana',46,'Fluid','gift2004@protonmail.com',42,561,4319703626),('Ellis','Barron',24,'Fluid','treatments2056@outlook.com',85,562,4319703627),('Lane','Bradford',36,'Fluid','collection2084@duck.com',55,563,4319703628),('Tova','Goodwin',56,'Female','mercedes1945@gmail.com',40,564,4319703629),('Lavera','Mcclure',32,'Female','mods2098@outlook.com',88,565,4319703630),('Candie','Chang',42,'Female','expo1904@example.org',51,566,4319703631),('Irish','Patel',18,'Other','poultry1941@gmail.com',88,567,4319703632),('Warren','Hudson',56,'Fluid','quantum1808@duck.com',82,568,4319703633),('Stephania','Richards',21,'Fluid','occasion2057@yahoo.com',65,569,4319703634),('Adrian','Rowland',30,'Male','easy2039@protonmail.com',82,570,4319703635),('Royce','Mullen',24,'Male','points1889@example.org',86,571,4319703636),('Concha','Nielsen',58,'Other','solutions1949@protonmail.com',89,572,4319703637),('Laurinda','Cantu',54,'Other','nutrition2054@example.org',58,573,4319703638),('Raisa','Murphy',35,'Male','optimal1808@yandex.com',74,574,4319703639),('Alexander','Fernandez',37,'Male','committee2065@yandex.com',70,575,4319703640),('Kayleigh','Carr',39,'Fluid','wrote1913@protonmail.com',58,576,4319703641),('Del','Nunez',39,'Other','dicke2079@yahoo.com',77,577,4319703642),('Naoma','Gould',60,'Male','products1845@yahoo.com',54,578,4319703643),('Kirby','Mccormick',44,'Other','bacon2006@gmail.com',51,579,4319703644),('Kory','Fowler',26,'Female','employed2025@duck.com',40,580,4319703645),('Eusebio','Navarro',58,'Other','ballot1810@outlook.com',45,581,4319703646),('Alfred','Fields',62,'Fluid','cutting1811@duck.com',85,582,4319703647),('Margrett','Robbins',36,'Female','midlands1927@yandex.com',76,583,4319703648),('Barrett','Solomon',42,'Male','reject1910@example.org',44,584,4319703649),('Roseline','Franks',44,'Fluid','modes2020@protonmail.com',41,585,4319703650),('Derick','Pugh',38,'Female','mastercard2054@protonmail.com',44,586,4319703651),('Usha','Jarvis',60,'Other','introduces2006@yahoo.com',86,587,4319703652),('Shyla','Gamble',62,'Female','attendance1889@example.org',50,588,4319703653),('Pete','Valenzuela',18,'Female','soap1891@outlook.com',61,589,4319703654),('Russ','Guy',46,'Male','interest2033@example.com',50,590,4319703655),('Odell','Rose',43,'Other','teachers2021@example.org',77,591,4319703656),('Reagan','Burns',66,'Other','merchant2070@live.com',84,592,4319703657),('Kendal','Beasley',57,'Other','promoted1958@yandex.com',61,593,4319703658),('Necole','Wooten',27,'Fluid','game1939@duck.com',70,594,4319703659),('Nenita','Dean',41,'Other','halo2059@yandex.com',46,595,4319703660),('Don','Carpenter',51,'Fluid','cartoon1914@duck.com',52,596,4319703661),('Carol','Noble',50,'Other','ian1811@duck.com',56,597,4319703662),('Tanna','Britt',16,'Male','interests1967@yandex.com',45,598,4319703663),('Alvaro','Ellison',58,'Female','emily1986@example.com',53,599,4319703664),('Roberto','Molina',26,'Fluid','arnold1953@live.com',81,600,4319703665),('Lorenzo','Rojas',24,'Male','drawing1893@duck.com',38,601,4319703666),('Craig','Thomas',60,'Female','sites1994@example.org',66,602,4319703667),('Jerry','Price',18,'Female','submission1871@example.org',70,603,4319703668),('Herschel','Dean',32,'Male','decade1817@yahoo.com',41,604,4319703669),('Carmine','Leonard',35,'Male','office1821@live.com',90,605,4319703670),('Noe','Mcdowell',24,'Fluid','retreat1913@protonmail.com',54,606,4319703671),('Kym','Torres',54,'Female','mistakes1938@live.com',74,607,4319703672),('Glayds','Harris',47,'Fluid','standings1964@protonmail.com',49,608,4319703673),('Alan','Cochran',49,'Other','flash2030@example.org',85,609,4319703674),('Lekisha','Glass',39,'Other','tournaments2033@yandex.com',45,610,4319703675),('Mammie','Barker',22,'Female','desert1808@live.com',50,611,4319703676),('Dwain','Alston',19,'Fluid','promises1983@protonmail.com',85,612,4319703677),('Avery','Tyson',63,'Other','touring1871@example.org',69,613,4319703678),('Kurt','Jensen',45,'Fluid','gateway2053@protonmail.com',41,614,4319703679),('Torrie','Spears',57,'Male','performer1965@yandex.com',80,615,4319703680),('Ashli','Pennington',44,'Female','retailers1810@example.org',69,616,4319703681),('Merle','Kramer',37,'Other','spanking1891@duck.com',39,617,4319703682),('Marcos','Church',36,'Female','simplified1843@live.com',63,618,4319703683),('Jules','Kaufman',20,'Female','extended1816@outlook.com',51,619,4319703684),('Kelvin','Mendoza',35,'Other','laugh1878@live.com',55,620,4319703685),('Britt','Mcdonald',29,'Male','edwards1972@gmail.com',74,621,4319703686),('Lovetta','Tate',56,'Fluid','livecam1813@protonmail.com',81,622,4319703687),('Johnny','Kirby',30,'Female','economics2066@example.com',64,623,4319703688),('Alla','Bates',46,'Other','facial2008@outlook.com',90,624,4319703689),('Cecil','Patel',39,'Fluid','james2093@example.org',58,625,4319703690),('Kieth','Valdez',58,'Fluid','transmission1910@yahoo.com',41,626,4319703691),('Anderson','Roy',24,'Other','relatively2067@example.org',63,627,4319703692),('Kathline','Brady',42,'Male','studied1957@yahoo.com',55,628,4319703693),('Darcey','Washington',34,'Female','ibm2039@yandex.com',66,629,4319703694),('Tonisha','Rodgers',30,'Other','next1896@outlook.com',86,630,4319703695),('Sandy','Stevens',51,'Other','examining2060@yandex.com',76,631,4319703696),('Tyler','Payne',63,'Fluid','refrigerator1858@example.com',55,632,4319703697),('Harvey','Mcfadden',57,'Fluid','today1816@outlook.com',56,633,4319703698),('Gita','Goff',62,'Fluid','error1991@outlook.com',85,634,4319703699),('Harlan','Barrett',28,'Fluid','dome1932@yandex.com',88,635,4319703700),('Gilbert','Nieves',56,'Male','census1979@example.com',83,636,4319703701),('Minh','Lindsay',47,'Fluid','una2098@live.com',55,637,4319703702),('Donny','Mcfadden',22,'Male','cheap1921@yahoo.com',47,638,4319703703),('Margart','Collier',33,'Other','wife1936@outlook.com',49,639,4319703704),('Mitzie','Yang',21,'Male','journalists1950@outlook.com',51,640,4319703705),('Gerard','Mitchell',52,'Fluid','finals1885@example.com',80,641,4319703706),('Wesley','Moss',48,'Other','aol1811@protonmail.com',42,642,4319703707),('Kandace','Luna',47,'Fluid','constraint1857@example.com',88,643,4319703708),('Steven','Mcpherson',66,'Male','swingers1907@live.com',83,644,4319703709),('Serafina','Stewart',18,'Female','chevrolet1954@yahoo.com',55,645,4319703710),('Andrea','Cline',29,'Female','depot2069@duck.com',63,646,4319703711),('Lamar','Sloan',53,'Female','twins2007@duck.com',59,647,4319703712),('Delbert','Rivera',28,'Male','yesterday2022@outlook.com',82,648,4319703713),('Margorie','Kerr',26,'Female','armstrong2072@yahoo.com',72,649,4319703714),('Carlee','Farmer',24,'Female','copied1933@outlook.com',82,650,4319703715),('Lemuel','Benson',64,'Other','slovak2017@protonmail.com',71,651,4319703716),('Garth','Thomas',48,'Female','telling1907@yahoo.com',55,652,4319703717),('Savanna','Cabrera',57,'Fluid','dirty1933@example.org',41,653,4319703718),('Travis','Shepherd',64,'Male','dance2059@example.org',87,654,4319703719),('Andrea','Velasquez',18,'Female','vocal2056@example.com',70,655,4319703720),('Fleta','Bonner',63,'Female','declared1928@yahoo.com',65,656,4319703721),('Wei','Jimenez',28,'Female','recommend2099@example.com',42,657,4319703722),('Miki','Wilson',49,'Fluid','atom2016@outlook.com',85,658,4319703723),('Scott','Keith',29,'Other','county1805@example.com',44,659,4319703724),('Rafael','Bradshaw',41,'Female','retailers1875@example.org',62,660,4319703725),('Eugenio','Harris',16,'Fluid','guestbook2005@example.org',62,661,4319703726),('Miquel','Oliver',55,'Fluid','optimum2089@live.com',61,662,4319703727),('Avery','Giles',24,'Female','idaho1940@yahoo.com',39,663,4319703728),('Marylyn','Levine',38,'Male','situation1920@gmail.com',64,664,4319703729),('Melodi','Key',21,'Other','carefully2091@example.com',68,665,4319703730),('Renaldo','Wilkerson',45,'Female','pearl2067@outlook.com',47,666,4319703731),('Aaron','Shannon',28,'Male','gabriel2088@outlook.com',57,667,4319703732),('Mckinley','Adams',42,'Male','ministry2035@yandex.com',68,668,4319703733),('Dudley','Valencia',58,'Male','luxembourg1880@example.org',58,669,4319703734),('James','Whitfield',48,'Other','pairs2092@gmail.com',55,670,4319703735),('Jolie','Mcguire',46,'Female','flows2094@example.com',55,671,4319703736),('Mose','Robertson',44,'Fluid','disposition1868@yandex.com',38,672,4319703737),('Dewayne','Berger',56,'Fluid','segment1959@example.org',41,673,4319703738),('Samella','Mcneil',26,'Fluid','remix1924@gmail.com',46,674,4319703739),('Aaron','Banks',42,'Fluid','phase1946@duck.com',63,675,4319703740),('Marhta','Yates',47,'Other','prohibited1966@example.org',54,676,4319703741);
/*!40000 ALTER TABLE `userdetails` ENABLE KEYS */;
UNLOCK TABLES;
/*!40103 SET TIME_ZONE=@OLD_TIME_ZONE */;

/*!40101 SET SQL_MODE=@OLD_SQL_MODE */;
/*!40014 SET FOREIGN_KEY_CHECKS=@OLD_FOREIGN_KEY_CHECKS */;
/*!40014 SET UNIQUE_CHECKS=@OLD_UNIQUE_CHECKS */;
/*!40101 SET CHARACTER_SET_CLIENT=@OLD_CHARACTER_SET_CLIENT */;
/*!40101 SET CHARACTER_SET_RESULTS=@OLD_CHARACTER_SET_RESULTS */;
/*!40101 SET COLLATION_CONNECTION=@OLD_COLLATION_CONNECTION */;
/*!40111 SET SQL_NOTES=@OLD_SQL_NOTES */;

-- Dump completed on 2022-11-28 15:33:09
